DROP TABLE IF EXISTS deguisement CASC
DROP TABLE IF EXISTS vendre CASCADE;
DROP TABLE IF EXISTS personne CASCADE;
DROP TABLE IF EXISTS soiree CASCADE;
DROP TABLE IF EXISTS participe CASCADE;

CREATE TABLE deguisement (
	modele varchar(25) primary key,
	avatar varchar(25),
	marque varchar(25)
);

CREATE TABLE vendre (
	nomMag varchar(25),
	modele varchar(25) REFERENCES deguisement(modele),
	taille varchar(3),
	prix float,
	PRIMARY KEY(nomMag,modele,taille)
);

CREATE TABLE personne (
	surnom varchar(25) primary key,
	nom varchar(25),
	prenom varchar(25),
	age int,
	taille int
);

CREATE TABLE soiree (
	idS int primary key,
	lieu varchar(25),
	date date,
	entree int,
	organisateur varchar(25) REFERENCES persoe(surnom),
	nbmax int
);

CREATE TABLE participe (
	ids int REFERENCES soiree(ids),
	surnom varchar(25) REFERENCES personne(surnom),
	avatar varchar(25),
	PRIMARY KEY(ids,surnom)
);


---Filling table deguisement :

INSERT INTO deguisement VALUES
('mag0', 'magicien', 'SoParty'),
('fée1', 'fée', 'Voilà'),
('dém2', 'démon', 'Smify'),
('zel3', 'Zelda', 'LARP&co'),
('elf4', 'elfe', 'LARP&co'),
('dae5', 'Daenerys', 'Smify'),
('pèr6', 'Père Noël', 'LARP&co'),
('jam7', 'James Bond', 'LARP&co'),
('lei8', 'Leia', 'SoParty'),
('bat9', 'Batgirl', 'LARP&co'),
('cat10', 'Catwoman', 'Voilà'),
('arw11', 'Arwen', 'LARP&co'),
('bla12', 'Blanche Neige', '7à77'),
('lut13', 'lutin', 'SoParty'),
('vam14', 'vampire', 'SoParty'),
('zel15', 'Zelda', 'LARP&co'),
('han16', 'Han Solo', 'LARP&co'),
('aur17', 'Aurore', 'LARP&co'),
('kyl18', 'Kylo Ren', '7à77'),
('vam19', 'vampire', 'Voilà'),
('sor20', 'sorcière', '7à77'),
('gan21', 'Gandalf', 'Smify'),
('arw22', 'Arwen', 'OutfitMe'),
('min23', 'minion', 'Smify'),
('kyl24', 'Kylo Ren', 'LARP&co'),
('lin25', 'Link', 'LARP&co'),
('fra26', 'Frankenstein', 'Smify'),
('vam27', 'vampire', 'OutfitMe'),
('lin28', 'Link', 'SoParty'),
('clo29', 'Clochette', 'OutfitMe'),
('nin30', 'ninja', 'Voilà'),
('mer31', 'Merlin', 'SoParty'),
('nin32', 'ninja', 'LARP&co'),
('fro33', 'Frodon', 'SoParty'),
('han34', 'Han Solo', 'Voilà'),
('fan35', 'fantôme', 'OutfitMe'),
('mag36', 'magicien', 'SoParty'),
('fro37', 'Frodon', 'LARP&co'),
('mer38', 'Merlin', 'SoParty'),
('épo39', 'épouvantail', 'Voilà'),
('pea40', 'Peach', 'OutfitMe'),
('bat41', 'Batgirl', 'Smify'),
('kyl42', 'Kylo Ren', '7à77'),
('zom43', 'zombie', 'Smify'),
('han44', 'Han Solo', 'LARP&co'),
('che45', 'chevalier', '7à77'),
('sup46', 'Superman', '7à77'),
('rey47', 'Rey', 'OutfitMe'),
('sch48', 'schtroumpf', 'Voilà'),
('pèr49', 'Père Noël', 'Smify'),
('rey50', 'Rey', 'Smify'),
('rey51', 'Rey', 'SoParty'),
('vam52', 'vampire', 'LARP&co'),
('nin53', 'ninja', 'Smify'),
('clo54', 'Clochette', 'LARP&co'),
('dar55', 'Darth Vader', '7à77'),
('arw56', 'Arwen', '7à77'),
('cat57', 'Catwoman', 'OutfitMe'),
('kat58', 'Katniss', '7à77'),
('bla59', 'Blanche Neige', '7à77'),
('rey60', 'Rey', '7à77'),
('fan61', 'fantôme', 'SoParty'),
('orc62', 'orc', 'OutfitMe'),
('sir63', 'sirène', 'LARP&co'),
('mal64', 'Maléfique', 'Voilà'),
('ara65', 'Aragorn', '7à77'),
('mag66', 'magicien', 'OutfitMe'),
('aur67', 'Aurore', 'Voilà'),
('jon68', 'Jon Snow', 'OutfitMe'),
('bat69', 'Batman', '7à77'),
('fro70', 'Frodon', 'SoParty'),
('ann71', 'Anna', 'Smify'),
('jam72', 'James Bond', 'LARP&co'),
('sch73', 'schtroumpf', 'OutfitMe'),
('jam74', 'James Bond', 'SoParty'),
('fra75', 'Frankenstein', 'LARP&co'),
('orc76', 'orc', 'OutfitMe'),
('bat77', 'Batman', 'Voilà'),
('arw78', 'Arwen', '7à77'),
('orc79', 'orc', '7à77'),
('sup80', 'Superman', 'SoParty'),
('épo81', 'épouvantail', 'Smify'),
('ang82', 'ange', 'SoParty'),
('spi83', 'Spiderman', 'OutfitMe'),
('dém84', 'démon', 'OutfitMe'),
('ann85', 'Anna', 'OutfitMe'),
('jon86', 'Jon Snow', 'Voilà'),
('bat87', 'Batgirl', 'Smify'),
('sup88', 'Superman', 'LARP&co'),
('jon89', 'Jon Snow', 'OutfitMe'),
('pea90', 'Peach', 'SoParty'),
('sor91', 'sorcière', 'LARP&co'),
('dae92', 'Daenerys', 'Smify'),
('spi93', 'Spiderman', 'Smify'),
('ara94', 'Aragorn', 'Smify'),
('ali95', 'alien', 'LARP&co'),
('aur96', 'Aurore', '7à77'),
('bla97', 'Blanche Neige', 'SoParty'),
('mal98', 'Maléfique', '7à77'),
('mal99', 'Maléfique', 'OutfitMe');

---Filling table vendre :

INSERT INTO vendre VALUES
('Amazones', 'sup88', 'XL', 60.5),
('Amazones', 'sor91', 'S', 20),
('Amazones', 'sor91', 'M', 45),
('Amazones', 'sor91', 'L', 54.5),
('Amazones', 'sor91', 'XL', 59.99),
('Amazones', 'sch73', 'XS', 33.5),
('Amazones', 'sch73', 'S', 70.5),
('Amazones', 'sch73', 'M', 55.5),
('Amazones', 'sch73', 'L', 75.99),
('Amazones', 'sch73', 'XL', 33.5),
('Amazones', 'mag36', 'M', 57),
('Amazones', 'mag36', 'L', 70.99),
('Amazones', 'mag36', 'XL', 70.99),
('Amazones', 'pea40', 'XS', 36),
('Amazones', 'pea40', 'S', 48.5),
('Amazones', 'pea40', 'M', 46.99),
('Amazones', 'pea40', 'L', 35.99),
('Amazones', 'pea40', 'XL', 52.99),
('Amazones', 'jam74', 'XS', 36.5),
('Amazones', 'nin30', 'XL', 20.5),
('Amazones', 'ann85', 'S', 38.99),
('Amazones', 'ann85', 'M', 65.99),
('Amazones', 'ann85', 'L', 70),
('Amazones', 'épo39', 'XS', 68.99),
('Amazones', 'épo39', 'S', 39.5),
('Angélique', 'ang82', 'L', 40.99),
('Angélique', 'mer31', 'M', 32.5),
('Angélique', 'mer31', 'L', 49),
('Angélique', 'mer31', 'XL', 57),
('Angélique', 'cat57', 'S', 61),
('Angélique', 'cat57', 'M', 60.5),
('Angélique', 'cat57', 'L', 63),
('Angélique', 'cat57', 'XL', 39.5),
('Angélique', 'ann85', 'M', 68.99),
('Angélique', 'ann85', 'L', 39.5),
('Angélique', 'ann85', 'XL', 61.5),
('Angélique', 'dém2', 'S', 32),
('Angélique', 'dém2', 'M', 22.5),
('Angélique', 'dém2', 'L', 67.5),
('Angélique', 'dar55', 'L', 46.5),
('Angélique', 'dar55', 'XL', 20.99),
('Angélique', 'jon68', 'M', 47),
('Angélique', 'jon68', 'L', 31),
('Angélique', 'lei8', 'M', 24),
('Angélique', 'bla97', 'XS', 60.99),
('Angélique', 'bla59', 'M', 69.99),
('Angélique', 'bla59', 'L', 40.99),
('Angélique', 'bla59', 'XL', 72.99),
('Angélique', 'vam52', 'XS', 73.5),
('Angélique', 'vam52', 'S', 32.99),
('Angélique', 'vam52', 'M', 32.5),
('Angélique', 'vam52', 'L', 36.5),
('Angélique', 'vam52', 'XL', 56.5),
('Angélique', 'mal99', 'L', 27),
('Angélique', 'mal99', 'XL', 74.5),
('Angélique', 'arw56', 'S', 55),
('Angélique', 'arw56', 'M', 60.99),
('Gladys', 'ara94', 'XS', 31.99),
('Gladys', 'ara94', 'S', 52),
('Gladys', 'ara94', 'M', 33),
('Gladys', 'cat10', 'M', 71.5),
('Gladys', 'sir63', 'XS', 35.5),
('Gladys', 'sir63', 'S', 57.5),
('Gladys', 'sir63', 'M', 39.99),
('Gladys', 'lin25', 'XL', 33),
('Gladys', 'mal98', 'M', 68),
('Gladys', 'mal98', 'L', 75),
('Gladys', 'mal98', 'XL', 69.99),
('Gladys', 'pea40', 'XS', 40),
('Gladys', 'clo29', 'L', 58.5),
('Gladys', 'clo29', 'XL', 40.99),
('Gladys', 'rey51', 'XS', 35.99),
('Gladys', 'rey51', 'S', 30.99),
('Gladys', 'rey51', 'M', 54),
('Gladys', 'rey51', 'L', 58.99),
('Gladys', 'sch48', 'XL', 38.99),
('Gladys', 'zel3', 'S', 33.99),
('Gladys', 'zel3', 'M', 20.99),
('Gladys', 'zel3', 'L', 45.99),
('Gladys', 'zel3', 'XL', 53.99),
('Gladys', 'dém84', 'M', 22.99),
('Gladys', 'dém84', 'L', 31.99),
('Gladys', 'dém84', 'XL', 32),
('Gladys', 'aur96', 'S', 62),
('Gladys', 'aur96', 'M', 65),
('Gladys', 'aur96', 'L', 32),
('Gladys', 'aur96', 'XL', 28.99),
('La fée clochette', 'lin28', 'S', 74),
('La fée clochette', 'lin28', 'M', 65.99),
('La fée clochette', 'lin28', 'L', 37),
('La fée clochette', 'jam7', 'L', 41.5),
('La fée clochette', 'jam7', 'XL', 54),
('La fée clochette', 'rey51', 'XS', 73.5),
('La fée clochette', 'rey51', 'S', 20.5),
('La fée clochette', 'rey51', 'M', 21.99),
('La fée clochette', 'ang82', 'M', 51),
('La fée clochette', 'ang82', 'L', 42.5),
('La fée clochette', 'ang82', 'XL', 74.99),
('La fée clochette', 'sor20', 'L', 20),
('La fée clochette', 'arw78', 'S', 74),
('La fée clochette', 'dém84', 'M', 50.99),
('La fée clochette', 'dém84', 'L', 37),
('La fée clochette', 'dém84', 'XL', 34.99),
('La fée clochette', 'bat69', 'S', 69.99),
('La fée clochette', 'ann71', 'XS', 28),
('La fée clochette', 'ann71', 'S', 45),
('La fée clochette', 'bat41', 'S', 70),
('La fée clochette', 'bat41', 'M', 75.99),
('La fée clochette', 'bat41', 'L', 47.5),
('La fée clochette', 'bat41', 'XL', 48.5),
('La fée clochette', 'dém2', 'M', 41.99),
('La fée clochette', 'dém2', 'L', 49.5),
('La fée clochette', 'dém2', 'XL', 30.5),
('La fée clochette', 'ali95', 'L', 44.99),
('La fée clochette', 'mal99', 'S', 45.99),
('La fée clochette', 'mal99', 'M', 66.99),
('La fée clochette', 'mal99', 'L', 52),
('La fée clochette', 'ann85', 'XS', 56.5),
('Les mille et une farces', 'mag66', 'L', 59.99),
('Les mille et une farces', 'han34', 'S', 26.99),
('Les mille et une farces', 'han34', 'M', 23.99),
('Les mille et une farces', 'rey60', 'S', 74),
('Les mille et une farces', 'rey60', 'M', 42),
('Les mille et une farces', 'ara65', 'XL', 33.99),
('Les mille et une farces', 'nin32', 'M', 39),
('Les mille et une farces', 'nin32', 'L', 65.5),
('Les mille et une farces', 'nin32', 'XL', 46),
('Les mille et une farces', 'zom43', 'L', 26),
('Les mille et une farces', 'zom43', 'XL', 62.5),
('Party pris', 'pea40', 'S', 64),
('Party pris', 'pea40', 'M', 67.5),
('Party pris', 'aur67', 'S', 20.5),
('Party pris', 'aur67', 'M', 21.5),
('Party pris', 'aur67', 'L', 48.99),
('Party pris', 'aur67', 'XL', 51.5),
('Party pris', 'vam27', 'L', 63.99),
('Party pris', 'clo54', 'XL', 26.5),
('Party pris', 'lin25', 'M', 62.5),
('Party pris', 'lin25', 'L', 41.5),
('Party pris', 'che45', 'S', 34),
('Party pris', 'che45', 'M', 68),
('Party pris', 'che45', 'L', 35),
('Party pris', 'nin32', 'M', 72),
('Party pris', 'nin32', 'L', 27.99),
('Party pris', 'bla12', 'XS', 33.5),
('Party pris', 'jon86', 'XL', 42.5),
('Party pris', 'sor20', 'L', 28.99),
('Le pays des merveilles', 'arw78', 'XS', 43.99),
('Le pays des merveilles', 'jon68', 'XL', 45.99),
('Le pays des merveilles', 'jam74', 'XL', 49),
('Le pays des merveilles', 'dae92', 'M', 61.5),
('Le pays des merveilles', 'dae92', 'L', 31),
('Le pays des merveilles', 'dae92', 'XL', 23.5),
('Le pays des merveilles', 'orc62', 'XS', 24.5),
('Le pays des merveilles', 'orc62', 'S', 36.99),
('Le pays des merveilles', 'orc62', 'M', 24),
('Le pays des merveilles', 'orc62', 'L', 55.99),
('Le pays des merveilles', 'sch73', 'S', 55),
('Le pays des merveilles', 'sch73', 'M', 37.99),
('Le pays des merveilles', 'sch73', 'L', 30.5),
('Le pays des merveilles', 'mal98', 'L', 25),
('Le pays des merveilles', 'mal98', 'XL', 64),
('Le pays des merveilles', 'orc79', 'M', 25.5),
('Le pays des merveilles', 'orc79', 'L', 52),
('Le pays des merveilles', 'pèr49', 'S', 53.5),
('Le pays des merveilles', 'pèr49', 'M', 27.99),
('Le pays des merveilles', 'vam52', 'XS', 56),
('Le pays des merveilles', 'vam52', 'S', 72.5),
('Le pays des merveilles', 'vam52', 'M', 44),
('Le pays des merveilles', 'vam52', 'L', 49),
('Le pays des merveilles', 'bat9', 'XL', 48.99),
('Le pays des merveilles', 'fro70', 'XS', 30),
('Le pays des merveilles', 'ann71', 'S', 36),
('Le pays des merveilles', 'ann71', 'M', 56),
('Le pays des merveilles', 'ann71', 'L', 45.99),
('Le pays des merveilles', 'ann71', 'XL', 41.99),
('Ghouls and Ghosts', 'mal99', 'M', 69),
('Ghouls and Ghosts', 'mag0', 'M', 69),
('Ghouls and Ghosts', 'mag0', 'L', 43.99),
('Ghouls and Ghosts', 'mag0', 'XL', 68),
('Ghouls and Ghosts', 'arw56', 'XL', 67),
('Ghouls and Ghosts', 'fro33', 'XS', 21),
('Ghouls and Ghosts', 'fro33', 'S', 71.5),
('Ghouls and Ghosts', 'fro33', 'M', 40),
('Ghouls and Ghosts', 'sch73', 'S', 32.99),
('Ghouls and Ghosts', 'pèr49', 'M', 66.99),
('Ghouls and Ghosts', 'pèr49', 'L', 46),
('Ghouls and Ghosts', 'elf4', 'S', 37),
('Ghouls and Ghosts', 'elf4', 'M', 40.5),
('Ghouls and Ghosts', 'jon68', 'M', 39),
('Ghouls and Ghosts', 'nin53', 'S', 37.99),
('Ghouls and Ghosts', 'bla12', 'XS', 47),
('Bricabracadabra', 'orc62', 'L', 26),
('Bricabracadabra', 'orc62', 'XL', 58),
('Bricabracadabra', 'jam74', 'L', 39),
('Bricabracadabra', 'jam74', 'XL', 49.99),
('Bricabracadabra', 'mer31', 'XL', 36.99),
('Bricabracadabra', 'orc76', 'L', 22.5),
('Bricabracadabra', 'orc76', 'XL', 51.99),
('Bricabracadabra', 'cat57', 'L', 39.99),
('Bricabracadabra', 'bat41', 'S', 67),
('Bricabracadabra', 'bat41', 'M', 49.5),
('Bricabracadabra', 'arw78', 'XL', 21.5),
('Bricabracadabra', 'jon86', 'S', 29.5),
('Bricabracadabra', 'jon86', 'M', 65.99),
('Bricabracadabra', 'jon86', 'L', 59),
('Bricabracadabra', 'sup46', 'M', 56),
('Bricabracadabra', 'sir63', 'S', 34.5),
('Bricabracadabra', 'ann85', 'L', 27.5),
('Bricabracadabra', 'ann85', 'XL', 58.99),
('Bricabracadabra', 'ara65', 'L', 49),
('Bricabracadabra', 'rey47', 'S', 41.5),
('Bricabracadabra', 'lin25', 'M', 45.99),
('Bricabracadabra', 'lin25', 'L', 31.99),
('Bricabracadabra', 'lin25', 'XL', 72.5),
('Bricabracadabra', 'vam14', 'S', 47.99),
('Bricabracadabra', 'bat9', 'XL', 55.5),
('Le Grenier', 'lut13', 'S', 59.5),
('Le Grenier', 'lut13', 'M', 61),
('Le Grenier', 'lut13', 'L', 67.5),
('Le Grenier', 'lut13', 'XL', 29.5),
('Le Grenier', 'bat77', 'S', 53.99),
('Le Grenier', 'bat77', 'M', 66.5),
('Le Grenier', 'bat77', 'L', 42),
('Le Grenier', 'bat77', 'XL', 73.5),
('Le Grenier', 'ann71', 'S', 21.5),
('Le Grenier', 'nin30', 'L', 46.5),
('Le Grenier', 'nin30', 'XL', 26.99),
('Le Grenier', 'dém84', 'L', 20),
('Le Grenier', 'kyl18', 'XS', 55),
('Le Grenier', 'kyl18', 'S', 22.99),
('Le Grenier', 'kyl18', 'M', 66.5),
('Le Grenier', 'kyl18', 'L', 34),
('Le Grenier', 'kyl18', 'XL', 62.5),
('Le Grenier', 'orc76', 'M', 72),
('Le Grenier', 'orc76', 'L', 53);

---Filling table personne :

INSERT INTO personne VALUES
('eme0', 'Lussy', 'Emeric', 22, 183),
('oct1', 'Chaland', 'Octave', 18, 176),
('gui2', 'Mayor', 'Guillaume', 24, 178),
('eli3', 'Renoir', 'Elisabeth', 17, 148),
('did4', 'Fauvel', 'Didier', 19, 173),
('est5', 'Ernaut', 'Estelle', 23, 166),
('mic6', 'Fleury', 'Michel', 21, 174),
('chr7', 'Quérard', 'Christine', 16, 163),
('zel8', 'Ernaut', 'Zelda', 24, 161),
('thé9', 'Mirande', 'Théa', 21, 164),
('col10', 'Candide', 'Coline', 18, 156),
('tho11', 'Randu', 'Thomas', 20, 179),
('est12', 'Aubry', 'Estelle', 19, 155),
('gab13', 'King', 'Gabriel', 20, 171),
('tal14', 'Désiré', 'Talissa', 23, 162),
('flo15', 'Dupond', 'Florent', 18, 184),
('uly16', 'Dimir', 'Ulysse', 21, 173),
('pét17', 'Candide', 'Pétra', 18, 160),
('jea18', 'Qarth', 'Jean-Christophe', 22, 173),
('viv19', 'Landau', 'Vivien', 23, 171),
('den20', 'Gaillard', 'Denise', 17, 167),
('tar21', 'Ernaut', 'Tarja', 17, 155),
('gui22', 'Joly', 'Guillaume', 19, 178),
('vio23', 'Fortin', 'Violette', 20, 161),
('gin24', 'Tibre', 'Ginna', 21, 160),
('cam25', 'Angus', 'Camille', 21, 157),
('zel26', 'Lussy', 'Zelda', 16, 154),
('sam27', 'Girard', 'Sam', 21, 170),
('rég28', 'Giron', 'Régis', 23, 171),
('pas29', 'Wessels', 'Pascale', 22, 169),
('pab30', 'Chan', 'Pablo', 17, 179),
('flo31', 'Knight', 'Florent', 21, 169),
('eve32', 'Hibis', 'Evelyne', 20, 158),
('flo33', 'Chaumont', 'Florent', 18, 178),
('vir34', 'Le Blond', 'Virgile', 22, 185),
('max35', 'Williams', 'Maxime', 17, 181),
('ale36', 'Graham', 'Alexis', 25, 170),
('fab37', 'Graham', 'Fabien', 22, 176),
('fab38', 'Fannot', 'Fabien', 18, 169),
('rom39', 'Hope', 'Romain', 12, 150),
('pas40', 'Turunen', 'Pascale', 18, 161),
('cha41', 'Delacour', 'Charles', 14, 171),
('pru42', 'Quillon', 'Prudence', 19, 153),
('dom43', 'Ben Miled', 'Dominique', 17, 151),
('moh44', 'Chan', 'Mohammed', 19, 171),
('rap45', 'Tabalin', 'Raphaël', 20, 176),
('gin46', 'Mavin', 'Ginette', 18, 151),
('vir47', 'Chan', 'Virginie', 22, 162),
('adr48', 'Patil', 'Adrien', 18, 173),
('joa49', 'Kabil', 'Joanna', 16, 161),
('flo50', 'Zaref', 'Florent', 17, 180),
('hug51', 'Bouat', 'Hugues', 21, 171),
('eme52', 'Orchid', 'Emeric', 21, 180),
('gab53', 'Fauvel', 'Gabrielle', 17, 154),
('mam54', 'Qarth', 'Mamadou', 21, 173),
('arn55', 'Kabil', 'Arnaud', 19, 170),
('ale56', 'Fleury', 'Alexandra', 20, 163),
('aga57', 'Fauvel', 'Agathe', 20, 152),
('ber58', 'Hé', 'Bernadette', 16, 161),
('yas59', 'Orchid', 'Yasmine', 19, 158),
('hél60', 'Faram', 'Hélène', 19, 161),
('chr61', 'Mavin', 'Christophe', 21, 175),
('nes62', 'Hiquet', 'Nessie', 19, 163),
('irè63', 'Jacquet', 'Irène', 21, 151),
('iph64', 'Hibis', 'Iphigénie', 21, 159),
('ale65', 'Rivière', 'Alexandre', 19, 169),
('zor66', 'Beleren', 'Zora', 17, 158),
('lou67', 'Wagner', 'Louise', 25, 160),
('mic68', 'Diacre', 'Michelle', 20, 150),
('joc69', 'Lecuyer', 'Jocelyn', 16, 177),
('pat70', 'Vigneau', 'Patrique', 16, 170),
('pab71', 'Izzet', 'Pablo', 19, 174),
('vér72', 'Lecuyer', 'Véronique', 22, 157),
('arm73', 'Raymond', 'Armand', 14, 185),
('jea74', 'Facquin', 'Jean-Christophe', 18, 173),
('han75', 'Knight', 'Hannah', 15, 158),
('zoé76', 'Faram', 'Zoé', 20, 156),
('hél77', 'Giron', 'Héloïse', 16, 150),
('ber78', 'Desnouettes', 'Bernard', 21, 176),
('mat79', 'Emmanuel', 'Mathis', 14, 176),
('dav80', 'Izzet', 'David', 16, 174),
('ben81', 'Bouris', 'Benjamin', 19, 175),
('ber82', 'Juste', 'Bernard', 18, 184),
('xav83', 'Hamel', 'Xavier', 19, 170),
('jul84', 'Legrand', 'Julien', 16, 181),
('pru85', 'Fauvel', 'Prune', 17, 159),
('pru86', 'Patil', 'Prune', 21, 157),
('flo87', 'Dimir', 'Flora', 22, 162),
('ala88', 'Amine', 'Alan', 22, 172),
('sté89', 'Vigneau', 'Stéphane', 17, 179),
('ele90', 'Knight', 'Elena', 19, 161),
('fra91', 'Gaillard', 'François', 19, 182),
('vic92', 'Raymond', 'Victoria', 18, 154),
('cor93', 'Hibis', 'Coralie', 24, 163),
('chr94', 'Sullyvan', 'Christine', 22, 157),
('vin95', 'Kabil', 'Vince', 20, 168),
('sop96', 'Gibert', 'Sophie', 18, 157),
('tif97', 'Sabatier', 'Tiffany', 21, 159),
('oct98', 'Hé', 'Octave', 26, 168),
('geh99', 'Quérard', 'Gehanne', 21, 164),
('val100', 'Label', 'Valentine', 21, 157),
('léa101', 'Cocq', 'Léa', 23, 154),
('pau102', 'Vital', 'Pauline', 17, 164),
('oli103', 'Reid', 'Olivier', 16, 175),
('moh104', 'Orion', 'Mohammed', 20, 176),
('eve105', 'Reid', 'Eve', 21, 156),
('son106', 'Wagner', 'Sonia', 16, 158),
('xav107', 'Landau', 'Xavier', 23, 170),
('ais108', 'Beleren', 'Aisha', 22, 158),
('bla109', 'Sabatier', 'Blanche', 22, 159),
('ari110', 'Renoir', 'Ariane', 17, 165),
('lud111', 'Dulac', 'Ludovic', 20, 176),
('pru112', 'Sullyvan', 'Prudence', 19, 159),
('pru113', 'Pallas', 'Prudence', 23, 153),
('yve114', 'Vital', 'Yves', 19, 169),
('que115', 'Nguyen', 'Quentin', 22, 174),
('han116', 'Petit', 'Hannah', 22, 164),
('ann117', 'Wu', 'Anne', 18, 164),
('aur118', 'Davis', 'Aurélien', 17, 182),
('meh119', 'Barbu', 'Mehdi', 15, 174),
('joh120', 'Templier', 'John', 16, 172),
('mel121', 'Delacour', 'Melvin', 17, 181),
('dom122', 'Fleury', 'Dominique', 17, 169),
('cam123', 'Vigneau', 'Camille', 21, 185),
('bri124', 'Janjan', 'Brigitte', 22, 154),
('col125', 'Hamel', 'Coline', 21, 161),
('cor126', 'Vital', 'Coralie', 15, 157),
('ale127', 'Girard', 'Alexandra', 18, 165),
('hug128', 'Lahaye', 'Hugues', 22, 176),
('viv129', 'Dulac', 'Vivien', 23, 176),
('ibr130', 'Bouris', 'Ibrahim', 24, 175),
('ant131', 'Chaumont', 'Antoine', 20, 169),
('hen132', 'Nasse', 'Henri', 18, 180),
('con133', 'Jourdan', 'Constance', 16, 159),
('zoé134', 'Lahaye', 'Zoé', 22, 155),
('mar135', 'Fernandes', 'Marylin', 16, 163),
('max136', 'Izzet', 'Maxime', 21, 183),
('mic137', 'Candide', 'Michel', 18, 172),
('suz138', 'Label', 'Suzanne', 21, 155),
('cor139', 'Templier', 'Coralie', 15, 163),
('wil140', 'Legrand', 'Willow', 22, 167),
('jos141', 'Tressy', 'Joseph', 23, 173),
('gui142', 'Chicot', 'Guillaume', 16, 175),
('ric143', 'Sabatier', 'Richard', 22, 167),
('céc144', 'Gaillard', 'Cécile', 22, 155),
('dia145', 'Aubry', 'Diane', 19, 155),
('hen146', 'Izzet', 'Henriette', 18, 155),
('ben147', 'Aubry', 'Benoit', 25, 182),
('mar148', 'Rhada', 'Marianne', 25, 160),
('yas149', 'Imon', 'Yasmine', 18, 162),
('dav150', 'Wagner', 'David', 18, 172),
('ton151', 'Giersbergen', 'Tony', 16, 176),
('jea152', 'Candide', 'Jean-Paul', 15, 173),
('her153', 'Fannot', 'Hermione', 24, 158),
('joh154', 'Albin', 'John', 23, 173),
('nie155', 'Tressy', 'Niels', 17, 174),
('gaë156', 'Delacour', 'Gaëlle', 20, 158),
('cha157', 'Janjan', 'Chahinaz', 19, 154),
('did158', 'Le Blond', 'Didier', 20, 175),
('céd159', 'Cocq', 'Cédric', 24, 177),
('lud160', 'Momsen', 'Ludovic', 21, 181),
('lam161', 'Borgne', 'Lamri', 12, 157),
('reb162', 'Rivière', 'Rebecca', 16, 149),
('chr163', 'Janjan', 'Christophe', 25, 171),
('fré164', 'Wu', 'Frédérique', 21, 169),
('flo165', 'Hadrien', 'Flora', 18, 155),
('elé166', 'Elamar', 'Eléonore', 18, 164),
('cél167', 'Orion', 'Céline', 22, 162),
('les168', 'Knuth', 'Leslie', 20, 154),
('wal169', 'Quérard', 'Walid', 19, 177),
('ham170', 'Jacquet', 'Hamid', 19, 174),
('rom171', 'Borgne', 'Romane', 23, 153),
('ala172', 'Reid', 'Alan', 16, 177),
('flo173', 'Jourdan', 'Flora', 15, 146),
('meh174', 'Rhada', 'Mehdi', 22, 169),
('did175', 'Davis', 'Didier', 17, 165),
('les176', 'Angus', 'Leslie', 25, 159),
('tal177', 'Lucat', 'Talissa', 15, 152),
('cha178', 'Juro', 'Charlène', 17, 153),
('lis179', 'Meilleur', 'Lise', 16, 163),
('oma180', 'Houette', 'Omar', 18, 172),
('fab181', 'Tibre', 'Fabien', 17, 178),
('sté182', 'Carmin', 'Stéphanie', 16, 163),
('que183', 'Lanvin', 'Quentin', 21, 168),
('ber184', 'Nalis', 'Bernadette', 17, 161),
('hub185', 'Lucat', 'Hubert', 21, 166),
('mar186', 'Raymond', 'Marion', 15, 155),
('sté187', 'Izzet', 'Stéphanie', 16, 160),
('thé188', 'Dulac', 'Théa', 18, 153),
('viv189', 'Daumesnil', 'Vivien', 14, 178),
('hug190', 'Zibelin', 'Hugues', 17, 171),
('thé191', 'Fernandes', 'Théodore', 20, 170),
('bén192', 'Simons', 'Bénédicte', 18, 156),
('ali193', 'Wessels', 'Alice', 13, 146),
('rod194', 'Jourdan', 'Rodolphe', 20, 164),
('ala195', 'Reid', 'Alan', 20, 172),
('val196', 'Bouat', 'Valentin', 20, 179),
('rém197', 'King', 'Rémi', 19, 169),
('nol198', 'Templier', 'Nolwenn', 20, 158),
('dor199', 'Nasse', 'Dorothée', 21, 163),
('luc200', 'Knight', 'Lucile', 19, 164),
('sév201', 'Genty', 'Séverine', 19, 173),
('maë202', 'Carmin', 'Maëva', 20, 156),
('séb203', 'Fleury', 'Sébastien', 24, 170),
('amé204', 'Juro', 'Amélie', 22, 162),
('wal205', 'Imon', 'Walid', 19, 184),
('uly206', 'Giron', 'Ulysse', 20, 177),
('fau207', 'Fauvel', 'Faustine', 18, 154),
('jea208', 'Fannot', 'Jean-Christophe', 17, 176),
('ste209', 'Kabil', 'Steve', 20, 174),
('sté210', 'Rivière', 'Stéphane', 19, 175),
('wil211', 'Nguyen', 'Willow', 25, 161),
('bén212', 'Watt', 'Bénédicte', 13, 146),
('joc213', 'Cleaux', 'Jocelyn', 18, 184),
('nor214', 'Rivière', 'Norbert', 20, 166),
('gas215', 'Fortin', 'Gaspard', 12, 150),
('ili216', 'Epeautre', 'Ilies', 20, 169),
('vic217', 'Daumesnil', 'Victoria', 22, 156),
('jea218', 'Gonthier', 'Jean-Christophe', 23, 177),
('iph219', 'Chicot', 'Iphigénie', 18, 154),
('dav220', 'Lucat', 'David', 18, 178),
('hen221', 'Izzet', 'Henri', 17, 177),
('ilh222', 'Williams', 'Ilham', 19, 169),
('mat223', 'Chan', 'Mathilde', 23, 161),
('glo224', 'Orion', 'Gloria', 21, 159),
('ber225', 'Bison', 'Bernard', 20, 178),
('ari226', 'Orion', 'Ariane', 23, 151),
('nao227', 'Hé', 'Naomi', 17, 153),
('val228', 'Petit', 'Valentine', 22, 166),
('glo229', 'Dupond', 'Gloria', 20, 169),
('bru230', 'Basin', 'Bruce', 19, 185),
('ton231', 'Perry', 'Tony', 20, 170),
('den232', 'Joly', 'Denis', 23, 178),
('emm233', 'Giersbergen', 'Emma', 22, 159),
('gré234', 'Basin', 'Grégory', 18, 170),
('dom235', 'Fleury', 'Dominique', 19, 166),
('pau236', 'Knuth', 'Pauline', 19, 156),
('sam237', 'Meilleur', 'Sam', 19, 178),
('ger238', 'Qarth', 'Gerard', 20, 182),
('pru239', 'Diacre', 'Prune', 19, 162),
('vér240', 'Imon', 'Véronique', 19, 159),
('uly241', 'Phoebe', 'Ulysse', 13, 160),
('clé242', 'Christian', 'Clément', 19, 172),
('cha243', 'Nguyen', 'Charlie', 22, 168),
('nor244', 'Carmin', 'Norbert', 20, 177),
('chr245', 'Angus', 'Christophe', 17, 181),
('thé246', 'Wu', 'Théa', 22, 167),
('jac247', 'Raymond', 'Jacob', 24, 173),
('ton248', 'Faram', 'Tony', 20, 185),
('océ249', 'Ernaut', 'Océane', 18, 159),
('luc250', 'Momsen', 'Lucie', 13, 148),
('gin251', 'Ivanov', 'Ginna', 21, 161),
('tif252', 'Genty', 'Tiffany', 17, 163),
('hen253', 'Gonthier', 'Henri', 24, 176),
('mat254', 'Wu', 'Mathilde', 20, 163),
('nor255', 'Ramon', 'Norbert', 17, 172),
('pru256', 'Bouris', 'Prudence', 18, 162),
('lei257', 'Zaref', 'Leila', 19, 151),
('cél258', 'Davis', 'Céline', 21, 159),
('hél259', 'Ernaut', 'Héloïse', 23, 161),
('syl260', 'Graham', 'Sylvie', 17, 167),
('pas261', 'Houette', 'Pascale', 18, 155),
('cor262', 'Williams', 'Coralie', 23, 159),
('ste263', 'Cocq', 'Steve', 25, 181),
('alp264', 'Imon', 'Alphonse', 21, 166),
('wen265', 'Izzet', 'Wendy', 19, 161),
('cor266', 'Carmin', 'Coralie', 15, 167),
('adè267', 'Angus', 'Adèle', 19, 159),
('sam268', 'Facquin', 'Samuel', 19, 170),
('flo269', 'Izart', 'Flora', 21, 163),
('dim270', 'Bouat', 'Dimitri', 18, 179),
('pao271', 'Noelle', 'Paolo', 18, 169),
('ele272', 'Momsen', 'Elena', 18, 158),
('aga273', 'Fernandes', 'Agathe', 19, 155),
('tho274', 'Hamel', 'Thomas', 18, 168),
('cor275', 'Lanvin', 'Coralie', 17, 168),
('val276', 'Knight', 'Valentine', 16, 158),
('lou277', 'Dulac', 'Louise', 19, 154),
('sam278', 'Ernaut', 'Samuel', 21, 174),
('ama279', 'Rivière', 'Amanda', 16, 151),
('yas280', 'Noelle', 'Yasmine', 22, 166),
('tim281', 'Diacre', 'Timothé', 20, 176),
('vin282', 'Meilleur', 'Vincent', 15, 175),
('thé283', 'Ramon', 'Théa', 22, 158),
('edo284', 'Hibis', 'Edouard', 19, 179),
('sam285', 'Kraller', 'Sam', 19, 176),
('meh286', 'Chaumont', 'Mehdi', 16, 176),
('els287', 'Albin', 'Elsa', 21, 162),
('vic288', 'Mirande', 'Victoire', 18, 164),
('oli289', 'Dupont', 'Olivier', 20, 173),
('chr290', 'Jacquet', 'Christine', 25, 163),
('meh291', 'Ivanov', 'Mehdi', 17, 176),
('lau292', 'Hadrien', 'Lauriane', 18, 162),
('mam293', 'Pallas', 'Mamadou', 19, 175),
('tan294', 'Desnouettes', 'Tania', 23, 153),
('san295', 'Raymond', 'Sandrine', 20, 158),
('mat296', 'Hadrien', 'Matthieu', 16, 177),
('yar297', 'Diacre', 'Yara', 18, 162),
('zac298', 'Abiteboul', 'Zacharie', 20, 178),
('pat299', 'Lemoine', 'Patrique', 20, 172),
('geh300', 'Duval', 'Gehanne', 22, 159),
('céd301', 'Ben Miled', 'Cédric', 15, 170),
('cor302', 'Pallas', 'Corentin', 19, 181),
('isa303', 'Dupond', 'Isabelle', 15, 154),
('emi304', 'Lecuyer', 'Emilie', 20, 157),
('lau305', 'Nasse', 'Laurence', 21, 159),
('cha306', 'Facquin', 'Charlie', 20, 169),
('sar307', 'Nina', 'Sarah', 20, 160),
('fél308', 'Imon', 'Félicien', 22, 175),
('wal309', 'Duval', 'Walid', 18, 182),
('tho310', 'Graham', 'Thomas', 21, 180),
('flo311', 'Chan', 'Florence', 14, 164),
('moh312', 'Elamar', 'Mohammed', 20, 175),
('pab313', 'Jourdan', 'Pablo', 28, 182),
('aga314', 'Izart', 'Agathe', 16, 157),
('con315', 'Hamel', 'Constance', 19, 162),
('dav316', 'Lanvin', 'David', 19, 169),
('fré317', 'Genty', 'Frédérique', 19, 165),
('ala318', 'Sabatier', 'Alan', 14, 170),
('yas319', 'Qarth', 'Yasmine', 21, 158),
('aur320', 'Lanvin', 'Aurélia', 16, 168),
('océ321', 'Turunen', 'Océane', 16, 164),
('geh322', 'Dulac', 'Gehanne', 16, 161),
('gin323', 'Blot', 'Ginette', 19, 156),
('san324', 'Petit', 'Sandrine', 17, 159),
('lei325', 'Vandermonde', 'Leila', 22, 157),
('rob326', 'Knight', 'Robert', 14, 173),
('emi327', 'Désiré', 'Emilie', 17, 161),
('pau328', 'Patil', 'Paul', 20, 177),
('léa329', 'Sabatier', 'Léa', 22, 169),
('sim330', 'Dimir', 'Simon', 19, 168),
('ant331', 'Petit', 'Antoine', 20, 185),
('les332', 'Dupond', 'Leslie', 22, 160),
('ell333', 'Lecuyer', 'Elliot', 20, 166),
('cyn334', 'Nguyen', 'Cyndie', 18, 153),
('wil335', 'Candide', 'Willow', 24, 162),
('jan336', 'Bouat', 'Jane', 26, 164),
('dyl337', 'Gonthier', 'Dylan', 20, 177),
('nic338', 'Zaref', 'Nicolas', 19, 180),
('pie339', 'Raymond', 'Pierre', 18, 185),
('mar340', 'Watt', 'Marylin', 19, 163),
('rod341', 'Simons', 'Rodolphe', 16, 178),
('thé342', 'Lemoine', 'Théo', 27, 179),
('jan343', 'Templier', 'Jane', 17, 161),
('san344', 'Watt', 'Sandrine', 14, 168),
('clé345', 'Rivière', 'Clémentine', 19, 154),
('lou346', 'Izart', 'Louise', 18, 159),
('syl347', 'Facquin', 'Sylvie', 16, 162),
('céc348', 'Christian', 'Cécile', 17, 162),
('sté349', 'Noelle', 'Stéphanie', 20, 155),
('ele350', 'Sauveur', 'Elena', 22, 154),
('adr351', 'Daumesnil', 'Adrien', 16, 183),
('nat352', 'Knight', 'Nathalie', 23, 160),
('dap353', 'Houette', 'Daphné', 14, 160),
('nie354', 'Chicot', 'Niels', 19, 176),
('man355', 'Martin', 'Manon', 14, 159),
('jul356', 'Momsen', 'Julie', 21, 163),
('hél357', 'Jourdan', 'Hélène', 16, 163),
('léo358', 'Erim', 'Léon', 19, 176),
('man359', 'Christian', 'Manon', 17, 156),
('eve360', 'Dupond', 'Evelyne', 25, 158),
('loï361', 'Juro', 'Loïc', 22, 173),
('vir362', 'Obrien', 'Virgile', 17, 177),
('vér363', 'Mayor', 'Véronique', 18, 163),
('luc364', 'Obrien', 'Lucile', 13, 147),
('tar365', 'Rhada', 'Tarja', 21, 157),
('fab366', 'Obrien', 'Fabien', 21, 171),
('wil367', 'Genty', 'Willow', 19, 156),
('nie368', 'Carmin', 'Niels', 25, 180),
('ste369', 'Fauvel', 'Steve', 19, 175),
('ant370', 'Ivanov', 'Antoine', 22, 181),
('mél371', 'Zaref', 'Mélissa', 20, 164),
('oli372', 'Petit', 'Olivier', 19, 173),
('gré373', 'Blot', 'Grégory', 24, 176),
('pao374', 'Carmin', 'Paolo', 17, 181),
('hub375', 'Wessels', 'Hubert', 19, 170),
('pat376', 'Faram', 'Patrique', 20, 179),
('han377', 'Tressy', 'Hannah', 23, 156),
('con378', 'Ivanov', 'Constance', 22, 169),
('emm379', 'Lanvin', 'Emmanuel', 21, 176),
('bla380', 'Tabalin', 'Blanche', 20, 158),
('eli381', 'Girard', 'Elise', 25, 161),
('pru382', 'Giersbergen', 'Prudence', 16, 162),
('ren383', 'Renoir', 'René', 21, 169),
('ann384', 'Albin', 'Anna', 18, 157),
('pru385', 'Lemoine', 'Prudence', 21, 169),
('vin386', 'Lemoine', 'Vince', 21, 177),
('elé387', 'Hibis', 'Eléonore', 15, 149),
('mau388', 'Cocq', 'Maud', 17, 162),
('lau389', 'Wessels', 'Laurence', 20, 164),
('dor390', 'Izzet', 'Dorothée', 20, 154),
('eme391', 'Noelle', 'Emeric', 17, 169),
('axe392', 'Ramon', 'Axel', 21, 173),
('syl393', 'Giron', 'Sylvie', 18, 158),
('sam394', 'Hamel', 'Samuel', 21, 180),
('oma395', 'Jacquet', 'Omar', 16, 182),
('mat396', 'Fleury', 'Matthieu', 19, 177),
('jea397', 'Label', 'Jean', 15, 183),
('ell398', 'Hadrien', 'Elliot', 19, 177),
('pét399', 'Allaman', 'Pétra', 22, 156),
('meh400', 'Landau', 'Mehdi', 21, 176),
('adr401', 'Sand', 'Adrien', 23, 179),
('emm402', 'Phoebe', 'Emmanuelle', 21, 161),
('odi403', 'Reid', 'Odile', 14, 162),
('ale404', 'Izart', 'Alexandre', 21, 170),
('die405', 'Beleren', 'Diego', 24, 174),
('aga406', 'Faram', 'Agathe', 23, 160),
('mam407', 'Noelle', 'Mamadou', 24, 180),
('meh408', 'Wessels', 'Mehdi', 24, 180),
('léo409', 'Erim', 'Léon', 22, 172),
('rom410', 'Meilleur', 'Romain', 21, 170),
('eme411', 'Wagner', 'Emeric', 25, 171),
('pab412', 'Dimir', 'Pablo', 24, 181),
('lou413', 'Noelle', 'Louis', 11, 136),
('tif414', 'Qarth', 'Tiffany', 18, 155),
('jea415', 'Fleury', 'Jean-Marie', 23, 174),
('pru416', 'Renoir', 'Prune', 21, 147),
('pao417', 'Fannot', 'Paolo', 23, 181),
('hec418', 'Wessels', 'Hector', 22, 166),
('lud419', 'Fernandes', 'Ludovic', 14, 180),
('eri420', 'Lecuyer', 'Eric', 16, 172),
('lei421', 'Phoebe', 'Leila', 21, 153),
('sop422', 'Bouris', 'Sophie', 25, 172),
('rob423', 'Quillon', 'Robert', 21, 175),
('amé424', 'Patil', 'Amélie', 21, 159),
('pau425', 'Simons', 'Paul', 18, 165),
('van426', 'Mavin', 'Vanessa', 17, 154),
('ala427', 'Renoir', 'Alan', 26, 178),
('jea428', 'Albin', 'Jean-Marie', 22, 179),
('fra429', 'Le Blond', 'François', 22, 173),
('cor430', 'Dimir', 'Corinne', 22, 160),
('pie431', 'Nalis', 'Pierre', 20, 176),
('moh432', 'Bouat', 'Mohammed', 19, 178),
('chl433', 'Hamel', 'Chloé', 19, 148),
('fra434', 'Chaland', 'France', 20, 167),
('gab435', 'Le Blond', 'Gabrielle', 25, 158),
('rap436', 'Imon', 'Raphaël', 17, 178),
('est437', 'Fleury', 'Estelle', 20, 160),
('cas438', 'Lussy', 'Cassandre', 17, 154),
('ama439', 'Chicot', 'Amanda', 19, 158),
('vir440', 'Oucq', 'Virgile', 23, 176),
('dom441', 'Martin', 'Dominique', 17, 171),
('san442', 'Momsen', 'Sandy', 19, 162),
('ber443', 'Hamel', 'Bernard', 17, 180),
('jor444', 'King', 'Jordan', 20, 169),
('dom445', 'Wagner', 'Dominique', 16, 177),
('lam446', 'Lecuyer', 'Lamri', 17, 170),
('cha447', 'Tabalin', 'Charlène', 20, 168),
('cor448', 'Hamel', 'Corinne', 15, 154),
('bén449', 'Mavin', 'Bénédicte', 19, 161),
('pat450', 'Tabalin', 'Patrique', 16, 173),
('urs451', 'Borgne', 'Ursula', 20, 160),
('hél452', 'Quillon', 'Hélène', 21, 159),
('jea453', 'Désiré', 'Jean-Marie', 19, 175),
('hen454', 'Vital', 'Henriette', 18, 162),
('ber455', 'Amine', 'Bernard', 18, 176),
('adr456', 'Randu', 'Adrien', 15, 171),
('sté457', 'Angus', 'Stéphane', 18, 172),
('léo458', 'Jourdan', 'Léon', 22, 184),
('est459', 'Chicot', 'Estelle', 16, 160),
('sar460', 'Delacour', 'Sarah', 16, 162),
('oct461', 'Angus', 'Octave', 19, 171),
('mar462', 'Ramon', 'Marylin', 20, 156),
('dam463', 'Nasse', 'Damien', 19, 169),
('yve464', 'Lucat', 'Yves', 21, 160),
('sté465', 'Ramon', 'Stéphane', 18, 178),
('jac466', 'Cocq', 'Jacob', 15, 173),
('oct467', 'Bison', 'Octave', 19, 171),
('ren468', 'Gaillard', 'René', 18, 177),
('ell469', 'Borgne', 'Elliot', 24, 168),
('gra470', 'Ivanov', 'Grace', 20, 158),
('bla471', 'Facquin', 'Blanche', 22, 162),
('jér472', 'Bouris', 'Jérémy', 19, 180),
('isi473', 'Renoir', 'Isidore', 17, 175),
('zoé474', 'Chaumont', 'Zoé', 14, 163),
('ond475', 'Pallas', 'Ondine', 23, 165),
('phi476', 'Faure', 'Philippe', 12, 147),
('sté477', 'Christian', 'Stéphane', 19, 177),
('jul478', 'Renoir', 'Julie', 16, 166),
('elo479', 'Fleury', 'Elodie', 18, 156),
('gra480', 'Vandermonde', 'Grace', 15, 153),
('rég481', 'Tibre', 'Régis', 24, 184),
('sar482', 'Hiquet', 'Sarah', 25, 163),
('fab483', 'Qarth', 'Fabien', 22, 174),
('pat484', 'Janjan', 'Patrice', 21, 172),
('hug485', 'Christian', 'Hugo', 18, 160),
('nie486', 'Orion', 'Niels', 21, 187),
('meh487', 'Chaumont', 'Mehdi', 24, 171),
('eve488', 'Houette', 'Evelyne', 18, 168),
('ale489', 'Sauveur', 'Alexis', 20, 168),
('eth490', 'Lanvin', 'Ethan', 19, 180),
('sam491', 'Tabalin', 'Samuel', 21, 167),
('sim492', 'Cocq', 'Simon', 18, 171),
('hec493', 'Chicot', 'Hector', 17, 175),
('pru494', 'Turunen', 'Prudence', 26, 160),
('cas495', 'Hé', 'Cassandre', 21, 156),
('lou496', 'Kraller', 'Louise', 22, 161),
('pén497', 'Duval', 'Pénélope', 20, 161),
('cla498', 'Kabil', 'Claire', 25, 161),
('and499', 'Sabatier', 'André', 19, 180);

---Filling table soiree :

INSERT INTO soiree VALUES
(0, 'Tours', '2018-12-02', 16, 'gin251', 94),
(1, 'Nice', '2018-10-07', 4, 'pét17', 22),
(2, 'Lyon', '2018-12-21', 6, 'iph64', 49),
(3, 'Limoges', '2017-12-27', 0, 'vir440', 65),
(4, 'Dijon', '2016-10-06', 25, 'hen454', 79),
(5, 'Amiens', '2018-06-21', 19, 'pru494', 102),
(6, 'Lyon', '2017-01-21', 16, 'sté477', 95),
(7, 'Rennes', '2018-09-04', 13, 'vir440', 88),
(8, 'Montpellier', '2017-01-18', 1, 'sté349', 75),
(9, 'Rennes', '2019-08-21', 5, 'que115', 35),
(10, 'Le Mans', '2019-07-10', 17, 'zoé134', 70),
(11, 'Caen', '2019-06-15', 18, 'pab412', 46),
(12, 'Lyon', '2017-10-16', 18, 'iph64', 86),
(13, 'Dijon', '2016-05-11', 4, 'céc144', 18),
(14, 'Créteil', '2018-07-19', 7, 'eme52', 49),
(15, 'Nice', '2017-11-22', 11, 'sté349', 102),
(16, 'Orléans', '2018-12-11', 6, 'hen454', 121),
(17, 'Angers', '2018-10-09', 22, 'sté349', 50),
(18, 'Reims', '2017-03-20', 19, 'nor244', 68),
(19, 'Orléans', '2016-01-06', 21, 'séb203', 78),
(20, 'Nancy', '2018-01-25', 17, 'séb203', 94),
(21, 'Paris', '2018-08-10', 12, 'hen454', 120),
(22, 'Grenoble', '2017-01-18', 3, 'vir440', 58),
(23, 'Grenoble', '2018-03-10', 19, 'mic68', 124),
(24, 'Metz', '2017-05-22', 24, 'thé9', 120),
(25, 'Créteil', '2017-09-04', 16, 'val100', 22),
(26, 'Amiens', '2019-04-17', 5, 'dor390', 82),
(27, 'Reims', '2017-08-14', 17, 'val228', 94),
(28, 'Reims', '2019-02-22', 25, 'val228', 76),
(29, 'Bordeaux', '2018-12-14', 25, 'oct1', 24),
(30, 'Dijon', '2017-04-17', 17, 'séb203', 28),
(31, 'Lyon', '2018-03-12', 20, 'val100', 114),
(32, 'Nantes', '2017-05-10', 6, 'gin251', 18),
(33, 'Nîmes', '2017-10-19', 19, 'céd159', 46),
(34, 'Rennes', '2017-10-05', 14, 'flo165', 113),
(35, 'Nancy', '2019-06-24', 6, 'zoé134', 123),
(36, 'Biarritz', '2017-11-06', 24, 'val228', 10),
(37, 'Orléans', '2016-08-24', 2, 'nic338', 95),
(38, 'Versailles', '2018-11-05', 16, 'ais108', 60),
(39, 'Bordeaux', '2017-03-11', 3, 'pab412', 41),
(40, 'Biarritz', '2019-10-17', 8, 'fra429', 18),
(41, 'Marseille', '2018-02-21', 14, 'fra429', 116),
(42, 'Belfort', '2017-05-21', 11, 'céd159', 11),
(43, 'Orléans', '2016-01-19', 17, 'fra429', 73),
(44, 'Metz', '2018-03-19', 0, 'zoé134', 58),
(45, 'Nancy', '2017-09-25', 9, 'dor390', 106),
(46, 'Belfort', '2018-10-26', 12, 'pru494', 117),
(47, 'Nice', '2016-02-23', 5, 'ais108', 105),
(48, 'Tours', '2016-01-07', 18, 'val228', 39),
(49, 'Lille', '2017-12-25', 16, 'céc144', 124),
(50, 'Biarritz', '2016-06-27', 15, 'oct1', 31),
(51, 'Biarritz', '2016-05-04', 9, 'mic68', 43),
(52, 'Amiens', '2018-05-08', 11, 'flo165', 69),
(53, 'Le Havre', '2016-10-12', 16, 'val100', 75),
(54, 'Marseille', '2018-09-15', 11, 'hen454', 112),
(55, 'Belfort', '2019-10-08', 22, 'sté477', 107),
(56, 'Paris', '2017-03-18', 15, 'sam278', 120),
(57, 'Nice', '2018-04-03', 5, 'nor244', 80),
(58, 'Nantes', '2016-03-21', 17, 'iph64', 110),
(59, 'Saint-Etienne', '2019-05-12', 21, 'hen454', 112),
(60, 'Grenoble', '2019-07-05', 21, 'val100', 50),
(61, 'Tours', '2017-12-03', 14, 'vir440', 62),
(62, 'Annecy', '2016-10-08', 23, 'flo165', 121),
(63, 'Le Havre', '2019-01-13', 21, 'oct1', 33),
(64, 'Metz', '2019-02-16', 20, 'ilh222', 31),
(65, 'Belfort', '2019-01-08', 6, 'flo165', 83),
(66, 'Marseille', '2018-04-01', 24, 'vir440', 118),
(67, 'Lille', '2018-06-15', 2, 'zoé134', 46),
(68, 'Nancy', '2018-01-12', 5, 'sté349', 114),
(69, 'Nancy', '2019-06-08', 9, 'val228', 47),
(70, 'Le Mans', '2018-01-05', 11, 'hen454', 98),
(71, 'Annecy', '2016-10-06', 16, 'pru494', 53),
(72, 'Tours', '2016-12-13', 17, 'hen454', 82),
(73, 'Nantes', '2016-07-08', 23, 'iph64', 69),
(74, 'Bordeaux', '2018-04-03', 7, 'hen454', 28),
(75, 'Brest', '2017-09-28', 7, 'san295', 44),
(76, 'Nantes', '2019-08-06', 19, 'pab412', 114),
(77, 'Brest', '2018-11-19', 3, 'pab412', 94),
(78, 'Lyon', '2019-11-05', 16, 'séb203', 88),
(79, 'Marseille', '2019-10-21', 4, 'mic68', 103),
(80, 'Grenoble', '2018-12-12', 6, 'san295', 117),
(81, 'Annecy', '2018-01-01', 15, 'hen454', 100),
(82, 'Grenoble', '2018-02-10', 17, 'val100', 48),
(83, 'Lyon', '2018-02-03', 16, 'pab412', 110),
(84, 'Dijon', '2019-02-25', 6, 'céc144', 59),
(85, 'Annecy', '2016-05-14', 18, 'mic68', 109),
(86, 'Bordeaux', '2018-08-27', 7, 'ilh222', 24),
(87, 'Nantes', '2018-12-13', 14, 'ais108', 55),
(88, 'Grenoble', '2019-12-13', 19, 'flo165', 77),
(89, 'Lille', '2018-07-02', 12, 'thé9', 82),
(90, 'Biarritz', '2019-05-13', 10, 'zoé134', 58),
(91, 'Biarritz', '2017-02-06', 7, 'yas280', 77),
(92, 'Annecy', '2018-03-20', 2, 'céd159', 45),
(93, 'Angers', '2018-04-01', 16, 'vir440', 118),
(94, 'Lyon', '2019-07-27', 17, 'nic338', 100),
(95, 'Strasbourg', '2018-03-04', 7, 'pab412', 62),
(96, 'Orléans', '2016-11-27', 13, 'val228', 108),
(97, 'Caen', '2017-02-26', 17, 'hen454', 111),
(98, 'Nantes', '2016-11-05', 20, 'nor244', 15),
(99, 'Metz', '2016-09-01', 3, 'yas280', 123);

---Filling table participe :

INSERT INTO participe VALUES
(0, 'did175', 'zombie'),
(0, 'ama439', 'Arwen'),
(0, 'mic6', 'zombie'),
(0, 'céc144', 'Anna'),
(0, 'rom39', 'minion'),
(0, 'yve464', 'lutin'),
(0, 'jea152', 'ange'),
(0, 'val276', 'zombie'),
(0, 'cha178', 'chevalier'),
(0, 'san295', 'Zelda'),
(0, 'zoé76', 'lutin'),
(0, 'ell398', 'citrouille'),
(0, 'nie354', 'schtroumpf'),
(0, 'oli289', 'schtroumpf'),
(0, 'nie155', NULL),
(0, 'sam278', 'Luke'),
(0, 'eve360', 'Clochette'),
(0, 'ala195', 'Jon Snow'),
(0, 'moh44', 'fantôme'),
(0, 'dor390', 'schtroumpf'),
(0, 'tan294', 'Aurore'),
(0, 'gui22', 'lutin'),
(0, 'man355', 'Katniss'),
(0, 'san442', 'Anna'),
(0, 'tho274', 'Spiderman'),
(0, 'den232', 'vampire'),
(0, 'chr163', 'Gandalf'),
(0, 'gin46', 'démon'),
(0, 'flo311', 'Maléfique'),
(0, 'hub185', 'ange'),
(0, 'zor66', 'zombie'),
(0, 'ond475', 'Batgirl'),
(0, 'glo229', 'Daenerys'),
(0, 'flo50', 'Superman'),
(0, 'bén192', 'Rey'),
(0, 'rod194', 'Gandalf'),
(0, 'sté477', 'Spiderman'),
(0, 'col125', 'sorcière'),
(0, 'adr48', 'schtroumpf'),
(0, 'léa101', 'Katniss'),
(0, 'flo173', 'chevalier'),
(0, 'emi327', 'lutin'),
(0, 'alp264', 'Gandalf'),
(0, 'pén497', 'Maléfique'),
(0, 'meh286', 'ange'),
(0, 'maë202', 'citrouille'),
(0, 'pau236', 'schtroumpf'),
(0, 'ber78', 'James Bond'),
(0, 'gra480', 'zombie'),
(0, 'ste263', 'vampire'),
(0, 'van426', 'fantôme'),
(0, 'isi473', 'Frodon'),
(0, 'ber82', 'minion'),
(0, 'rom171', 'Daenerys'),
(0, 'jan343', 'fantôme'),
(0, 'aur118', 'Mario'),
(0, 'gas215', 'Darth Vader'),
(1, 'jea208', 'zombie'),
(1, 'rob423', 'zombie'),
(1, 'isi473', 'zombie'),
(1, 'lou277', 'zombie'),
(1, 'adè267', 'zombie'),
(1, 'san324', 'zombie'),
(1, 'ben147', 'zombie'),
(1, 'cha447', 'zombie'),
(1, 'les176', 'zombie'),
(1, 'eth490', 'zombie'),
(1, 'arm73', 'zombie'),
(1, 'rom171', 'zombie'),
(1, 'est459', 'zombie'),
(1, 'chr290', 'zombie'),
(1, 'sté182', 'zombie'),
(1, 'adr48', 'zombie'),
(1, 'meh291', 'zombie'),
(1, 'jos141', 'zombie'),
(2, 'pat70', 'minion'),
(2, 'pru385', 'chevalier'),
(2, 'emm402', 'Clochette'),
(2, 'ond475', 'Cendrillon'),
(2, 'adè267', 'fantôme'),
(2, 'sam285', 'Frankenstein'),
(2, 'ber443', 'Jon Snow'),
(2, 'pab30', 'fantôme'),
(2, 'gas215', 'démon'),
(2, 'fab37', 'Kylo Ren'),
(2, 'han75', 'fantôme'),
(2, 'ant370', 'Darth Vader'),
(2, 'ber78', 'épouvantail'),
(2, 'tif414', 'Zelda'),
(2, 'ell333', 'elfe'),
(2, 'nat352', 'sorcière'),
(2, 'tho274', 'Link'),
(2, 'mam407', 'vampire'),
(2, 'gin46', 'Leia'),
(2, 'léo409', 'Spiderman'),
(2, 'eri420', 'Kylo Ren'),
(2, 'flo173', 'lutin'),
(2, 'céd159', 'Aragorn'),
(2, 'ilh222', 'minion'),
(2, 'tim281', 'chevalier'),
(2, 'san442', 'Daenerys'),
(2, 'adr48', 'fantôme'),
(2, 'ell469', 'Aragorn'),
(2, 'zel26', 'minion'),
(2, 'iph64', 'Katniss'),
(2, 'fél308', 'Merlin'),
(2, 'mar135', 'magicien'),
(2, 'xav107', 'chevalier'),
(2, 'ber82', 'James Bond'),
(2, 'jea208', 'Link'),
(2, 'rég481', 'ninja'),
(2, 'gra470', 'fantôme'),
(2, 'sam268', 'Jon Snow'),
(2, 'fra434', 'citrouille'),
(2, 'pao417', 'Jon Snow'),
(2, 'sam27', 'Batman'),
(3, 'thé9', 'sirène'),
(3, 'eri420', 'Batman'),
(3, 'gin251', 'Leia'),
(3, 'glo229', 'Catwoman'),
(3, 'pru382', 'Catwoman'),
(3, 'vic288', 'Mère Noël'),
(3, 'cha447', 'Mère Noël'),
(3, 'jac247', 'Spiderman'),
(3, 'nor214', 'lutin'),
(3, 'pru256', 'Peach'),
(3, 'nor244', 'fantôme'),
(3, 'lau292', 'lutin'),
(3, 'hen132', 'Jon Snow'),
(3, 'chl433', 'Batgirl'),
(3, 'irè63', 'minion'),
(3, 'hél60', 'magicien'),
(3, 'fré317', 'orc'),
(3, 'amé424', 'elfe'),
(3, 'luc364', 'minion'),
(3, 'jea18', 'citrouille'),
(3, 'pas40', 'Catwoman'),
(3, 'océ321', 'Leia'),
(3, 'ala318', 'Superman'),
(3, 'pau328', 'Luke'),
(3, 'cha306', 'lutin'),
(3, 'gaë156', 'Leia'),
(3, 'adr456', 'Batman'),
(3, 'yas149', 'Daenerys'),
(3, 'gab435', 'ninja'),
(3, 'rap436', 'Spiderman'),
(3, 'dom235', 'alien'),
(3, 'rég481', 'Luke'),
(3, 'jul478', 'Daenerys'),
(3, 'meh408', 'Merlin'),
(3, 'dav80', 'démon'),
(3, 'reb162', 'Clochette'),
(3, 'pat376', 'Gandalf'),
(3, 'den232', 'Mario'),
(3, 'est5', 'Anna'),
(3, 'sté210', 'orc'),
(3, 'moh104', 'Kylo Ren'),
(3, 'hug128', 'elfe'),
(3, 'tho310', 'Gandalf'),
(3, 'dap353', 'Cendrillon'),
(3, 'emi304', 'elfe'),
(3, 'san442', 'Arwen'),
(4, 'elé387', 'sirène'),
(4, 'uly16', 'Frankenstein'),
(4, 'pru85', 'sorcière'),
(4, 'eve488', 'Zelda'),
(4, 'den20', 'vampire'),
(4, 'con378', 'ninja'),
(4, 'meh487', 'Père Noël'),
(4, 'dam463', 'démon'),
(4, 'pru239', 'Rey'),
(4, 'thé188', 'Clochette'),
(4, 'elé166', 'Anna'),
(4, 'pru256', 'démon'),
(4, 'wal309', NULL),
(4, 'edo284', 'Darth Vader'),
(4, 'nie368', 'vampire'),
(4, 'jul478', 'Arwen'),
(4, 'luc250', 'sirène'),
(4, 'gaë156', 'Cendrillon'),
(4, 'con133', 'Peach'),
(4, 'ber78', 'Gandalf'),
(4, 'ton231', 'magicien'),
(4, 'clé242', 'Merlin'),
(4, 'thé9', 'zombie'),
(4, 'cha157', 'chevalier'),
(4, 'oct461', 'Père Noël'),
(4, 'mic137', 'ninja'),
(4, 'tif414', 'Arwen'),
(4, 'oct98', 'Superman'),
(4, 'mar462', 'fantôme'),
(4, 'céc348', 'fantôme'),
(4, 'dyl337', 'Darth Vader'),
(4, 'gin251', 'fantôme'),
(4, 'sop422', 'ange'),
(4, 'mau388', 'Clochette'),
(4, 'lud160', 'Aragorn'),
(4, 'pru42', 'Clochette'),
(4, 'man359', NULL),
(4, 'jul356', 'épouvantail'),
(4, 'joc213', 'Aragorn'),
(4, 'ale65', 'ange'),
(4, 'adr401', 'schtroumpf'),
(4, 'pru112', 'Aurore'),
(4, 'wal205', 'James Bond'),
(4, 'flo165', 'zombie'),
(4, 'zoé76', 'démon'),
(4, 'jea453', 'Spiderman'),
(4, 'son106', 'magicien'),
(4, 'and499', 'lutin'),
(4, 'moh432', 'épouvantail'),
(4, 'pau236', 'Batgirl'),
(4, 'tim281', 'épouvantail'),
(4, 'moh44', 'fantôme'),
(4, 'pie431', 'magicien'),
(4, 'fél308', 'Merlin'),
(4, 'hen253', 'Kylo Ren'),
(4, 'sim492', 'Luke'),
(4, 'emm233', 'ange'),
(4, 'cha243', 'Mario'),
(4, 'jea428', 'Spiderman'),
(4, 'arn55', 'chevalier'),
(4, 'ben81', 'Merlin'),
(4, 'thé283', 'Clochette'),
(4, 'gré234', 'Spiderman'),
(4, 'mar148', 'ninja'),
(4, 'sam27', 'Frankenstein'),
(4, 'bén212', 'Catwoman'),
(5, 'oma395', 'vampire'),
(5, 'dom235', 'vampire'),
(5, 'dap353', 'vampire'),
(5, 'pas40', 'vampire'),
(5, 'vér72', 'vampire'),
(5, 'jul356', NULL),
(5, 'loï361', 'vampire'),
(5, 'gré373', 'vampire'),
(5, 'meh174', 'vampire'),
(5, 'sam285', 'vampire'),
(5, 'zoé76', 'vampire'),
(5, 'hen146', 'vampire'),
(5, 'vin95', 'vampire'),
(5, 'lou496', 'vampire'),
(5, 'cam25', 'vampire'),
(5, 'dav220', 'vampire'),
(5, 'maë202', 'vampire'),
(5, 'céd301', 'vampire'),
(5, 'chr163', 'vampire'),
(5, 'tim281', NULL),
(5, 'léo409', 'vampire'),
(5, 'den232', 'vampire'),
(5, 'les168', 'vampire'),
(5, 'ama279', NULL),
(5, 'meh286', 'vampire'),
(5, 'céd159', 'vampire'),
(5, 'tif252', 'vampire'),
(5, 'moh312', 'vampire'),
(5, 'vir47', 'vampire'),
(5, 'eri420', NULL),
(5, 'iph64', NULL),
(5, 'pau425', 'vampire'),
(5, 'mic137', NULL),
(5, 'dav316', 'vampire'),
(5, 'dom43', 'vampire'),
(5, 'ari110', 'vampire'),
(5, 'chl433', 'vampire'),
(5, 'dom122', 'vampire'),
(5, 'jea208', 'vampire'),
(5, 'cor139', 'vampire'),
(5, 'est12', NULL),
(5, 'san324', NULL),
(5, 'nol198', 'vampire'),
(5, 'aga406', 'vampire'),
(5, 'fré317', NULL),
(5, 'cor448', 'vampire'),
(5, 'val100', 'vampire'),
(5, 'lud419', NULL),
(5, 'jér472', NULL),
(5, 'xav83', 'vampire'),
(5, 'bén212', 'vampire'),
(5, 'cor93', 'vampire'),
(5, 'yas59', 'vampire'),
(5, 'rom410', 'vampire'),
(5, 'ale65', 'vampire'),
(5, 'joc69', 'vampire'),
(5, 'pie431', NULL),
(5, 'léo358', 'vampire'),
(5, 'ala427', 'vampire'),
(5, 'dia145', NULL),
(5, 'adr456', NULL),
(5, 'wil335', 'vampire'),
(5, 'luc250', 'vampire'),
(5, 'thé9', 'vampire'),
(5, 'ben81', NULL),
(5, 'nor244', 'vampire'),
(5, 'ann117', 'vampire'),
(5, 'gin323', 'vampire'),
(5, 'pat70', 'vampire'),
(6, 'rob423', 'Gandalf'),
(6, 'nie155', 'magicien'),
(6, 'lei257', 'Arwen'),
(6, 'lou67', 'Blanche Neige'),
(6, 'arn55', 'James Bond'),
(6, 'yas149', 'Maléfique'),
(6, 'zel8', 'alien'),
(6, 'gra470', 'sirène'),
(6, 'hug485', 'Spiderman'),
(6, 'oli103', 'Superman'),
(6, 'rod341', 'fantôme'),
(6, 'ale36', 'schtroumpf'),
(6, 'nol198', 'ninja'),
(6, 'cla498', 'Mère Noël'),
(6, 'oct98', 'zombie'),
(6, 'jea428', 'Darth Vader'),
(6, 'céc144', 'ange'),
(6, 'yar297', 'Daenerys'),
(6, 'loï361', 'orc'),
(6, 'océ321', 'fée'),
(6, 'fab483', 'démon'),
(6, 'ant131', 'vampire'),
(6, 'mic68', 'Daenerys'),
(6, 'ais108', 'minion'),
(6, 'cha157', 'Aurore'),
(6, 'odi403', 'sirène'),
(6, 'yve114', 'Frankenstein'),
(6, 'cas438', 'Batgirl'),
(6, 'hen221', 'Darth Vader'),
(6, 'hél452', 'magicien'),
(6, 'ber443', 'épouvantail'),
(6, 'ale489', 'orc'),
(6, 'mat79', 'chevalier'),
(6, 'wal205', 'Frankenstein'),
(6, 'dim270', 'Mario'),
(6, 'val100', 'Elsa'),
(6, 'cél258', 'ninja'),
(6, 'bri124', 'Catwoman'),
(6, 'dav80', 'elfe'),
(6, 'gin46', 'Elsa'),
(6, 'ant370', 'James Bond'),
(6, 'her153', 'vampire'),
(6, 'sim330', 'zombie'),
(6, 'ibr130', 'Frankenstein'),
(6, 'urs451', 'magicien'),
(6, 'luc364', 'Daenerys'),
(6, 'lei325', 'sorcière'),
(6, 'thé9', 'Cendrillon'),
(6, 'eve488', 'Leia'),
(6, 'san344', 'démon'),
(6, 'moh312', 'Kylo Ren'),
(6, 'ber455', 'chevalier'),
(6, 'vér72', 'vampire'),
(6, 'jul478', 'Peach'),
(6, 'zoé474', NULL),
(6, 'nat352', 'sirène'),
(6, 'flo269', 'alien'),
(6, 'pén497', 'ninja'),
(6, 'pas29', 'Zelda'),
(6, 'fab38', 'Aragorn'),
(6, 'clé345', 'épouvantail'),
(6, 'rég28', 'minion'),
(6, 'flo15', 'elfe'),
(6, 'tal177', 'fée'),
(6, 'dia145', 'Anna'),
(7, 'emm233', 'Peach'),
(7, 'ste209', 'lutin'),
(7, 'yve464', 'alien'),
(7, 'viv129', 'Gandalf'),
(7, 'vin386', 'elfe'),
(7, 'isa303', NULL),
(7, 'ber225', 'Han Solo'),
(7, 'ala172', 'Gandalf'),
(7, 'joh120', 'minion'),
(7, 'pab71', 'Jon Snow'),
(7, 'océ249', 'Arwen'),
(7, 'hél60', 'Clochette'),
(7, 'ale36', 'épouvantail'),
(7, 'yas149', 'lutin'),
(7, 'pét399', 'alien'),
(7, 'ili216', 'Gandalf'),
(7, 'eli381', 'Catwoman'),
(7, 'lau389', 'Arwen'),
(7, 'lou346', 'ange'),
(7, 'eve105', 'alien'),
(7, 'con133', 'Leia'),
(7, 'man359', NULL),
(7, 'flo50', 'Gandalf'),
(7, 'els287', 'Elsa'),
(7, 'mic68', 'Mère Noël'),
(7, 'jan343', 'fantôme'),
(7, 'nie155', 'minion'),
(7, 'sam491', 'orc'),
(7, 'pru239', 'Zelda'),
(7, 'meh286', 'Link'),
(7, 'ant131', 'magicien'),
(7, 'sam237', 'vampire'),
(7, 'dor199', 'démon'),
(7, 'rom410', 'vampire'),
(7, 'ele272', 'zombie'),
(7, 'gré373', 'ange'),
(7, 'ben147', 'Kylo Ren'),
(7, 'gui142', 'Aragorn'),
(7, 'cha178', 'Mère Noël'),
(7, 'rob326', NULL),
(7, 'pau328', 'orc'),
(7, 'suz138', 'magicien'),
(7, 'cam25', 'Aurore'),
(7, 'oct467', 'Luke'),
(7, 'gui2', 'Gandalf'),
(7, 'val228', 'Peach'),
(7, 'léa329', 'Cendrillon'),
(7, 'rap45', 'démon'),
(7, 'hub375', 'orc'),
(7, 'dav220', 'Aragorn'),
(7, 'glo224', 'Anna'),
(7, 'fra434', 'lutin'),
(7, 'ala195', 'démon'),
(7, 'col125', 'minion'),
(7, 'syl393', 'Catwoman'),
(7, 'ais108', 'minion'),
(7, 'emm402', 'Blanche Neige'),
(7, 'iph219', 'Clochette'),
(7, 'cor275', 'elfe'),
(7, 'meh400', 'minion'),
(7, 'hél452', 'Blanche Neige'),
(7, 'est437', 'vampire'),
(7, 'ale127', 'Arwen'),
(7, 'den20', 'vampire'),
(7, 'cor93', 'vampire'),
(7, 'hug190', 'Aragorn'),
(7, 'nor214', 'schtroumpf'),
(7, 'maë202', 'Maléfique'),
(7, 'nic338', 'orc'),
(7, 'meh174', 'elfe'),
(7, 'sté187', NULL),
(7, 'thé9', 'minion'),
(7, 'les168', 'chevalier'),
(7, 'sté457', 'Batman'),
(7, 'rob423', 'zombie'),
(8, 'axe392', 'schtroumpf'),
(8, 'phi476', 'Aragorn'),
(8, 'eve32', 'ange'),
(8, 'sim330', 'schtroumpf'),
(8, 'emm379', 'magicien'),
(8, 'wal169', 'Batman'),
(8, 'fra91', 'minion'),
(8, 'mar340', 'Aurore'),
(8, 'zoé134', 'lutin'),
(8, 'mat396', 'zombie'),
(8, 'dyl337', 'Gandalf'),
(8, 'rod341', 'Mario'),
(8, 'tim281', 'Han Solo'),
(8, 'yas319', 'Peach'),
(8, 'pru239', 'fée'),
(8, 'aga314', 'épouvantail'),
(8, 'oli289', 'Batman'),
(8, 'mar135', 'fantôme'),
(8, 'hen221', 'James Bond'),
(8, 'thé9', 'Cendrillon'),
(8, 'jor444', 'démon'),
(8, 'fau207', 'schtroumpf'),
(8, 'vir34', 'Frodon'),
(8, 'ari110', 'Clochette'),
(8, 'pao417', 'Luke'),
(8, 'did4', 'lutin'),
(8, 'ilh222', 'Spiderman'),
(8, 'dom122', 'Darth Vader'),
(8, 'pat299', 'chevalier'),
(8, 'ele90', 'Daenerys'),
(8, 'vir362', 'elfe'),
(8, 'maë202', 'sirène'),
(8, 'dav150', 'alien'),
(8, 'con378', 'Elsa'),
(8, 'max35', 'Père Noël'),
(8, 'dap353', 'schtroumpf'),
(8, 'flo269', 'lutin'),
(8, 'zor66', 'schtroumpf'),
(8, 'bri124', 'Leia'),
(8, 'céd159', 'James Bond'),
(8, 'ell333', 'citrouille'),
(8, 'oma180', 'Mario'),
(8, 'nat352', 'citrouille'),
(8, 'pao271', 'minion'),
(8, 'vic92', 'épouvantail'),
(8, 'fré164', 'Gandalf'),
(8, 'han377', 'alien'),
(8, 'hec418', 'lutin'),
(8, 'pru382', 'ange'),
(9, 'sté465', 'Superman'),
(9, 'les168', 'Arwen'),
(9, 'gin251', 'Rey'),
(9, 'gré234', 'Jon Snow'),
(9, 'max136', 'orc'),
(9, 'lis179', 'démon'),
(9, 'mar135', 'citrouille'),
(9, 'jul356', 'Blanche Neige'),
(9, 'hec418', 'citrouille'),
(9, 'yas149', 'lutin'),
(9, 'cor93', 'elfe'),
(9, 'val276', 'elfe'),
(9, 'edo284', 'schtroumpf'),
(9, 'cor266', 'Mère Noël'),
(9, 'ant331', 'Spiderman'),
(9, 'léo358', 'ninja'),
(9, 'chr61', 'zombie'),
(9, 'han75', 'sirène'),
(9, 'tif252', 'Elsa'),
(9, 'ale404', 'vampire'),
(9, 'van426', 'citrouille'),
(9, 'oma180', 'Merlin'),
(9, 'jea218', 'lutin'),
(9, 'vin95', 'elfe'),
(9, 'eve488', 'fantôme'),
(9, 'hen253', 'magicien'),
(9, 'ele272', 'Aurore'),
(9, 'ben147', 'zombie'),
(9, 'sté182', 'elfe'),
(9, 'gui142', 'Merlin'),
(9, 'ala88', 'orc'),
(9, 'joc69', 'démon'),
(9, 'sam278', 'Link'),
(9, 'axe392', 'Batman'),
(10, 'gin323', 'alien'),
(10, 'pab71', 'ange'),
(10, 'fél308', 'vampire'),
(10, 'han116', 'Zelda'),
(10, 'cyn334', 'chevalier'),
(10, 'ant370', 'Merlin'),
(10, 'eli3', 'démon'),
(10, 'jér472', 'Jon Snow'),
(10, 'ann117', 'Clochette'),
(10, 'alp264', 'Père Noël'),
(10, 'rap436', 'chevalier'),
(10, 'tif97', 'Catwoman'),
(10, 'vic288', 'Peach'),
(10, 'fra91', 'Spiderman'),
(10, 'lam161', 'Merlin'),
(10, 'pru113', 'Blanche Neige'),
(10, 'moh312', 'James Bond'),
(10, 'lei325', 'magicien'),
(10, 'vin386', 'Han Solo'),
(10, 'syl393', 'Arwen'),
(10, 'irè63', 'schtroumpf'),
(10, 'vir47', 'Aurore'),
(10, 'vir34', 'alien'),
(10, 'mat254', 'sirène'),
(10, 'cam123', 'vampire'),
(10, 'eme411', 'alien'),
(10, 'nie368', 'Jon Snow'),
(10, 'mar186', 'fantôme'),
(10, 'luc364', 'Peach'),
(10, 'cas438', 'Katniss'),
(10, 'wil335', 'ninja'),
(10, 'sop422', 'citrouille'),
(10, 'aur118', 'schtroumpf'),
(10, 'ren468', 'minion'),
(10, 'pat376', 'schtroumpf'),
(10, 'hen454', 'Zelda'),
(10, 'lou413', 'minion'),
(10, 'jac466', 'Frodon'),
(10, 'zel8', 'sirène'),
(10, 'ell469', 'magicien'),
(10, 'lou496', 'Daenerys'),
(10, 'elo479', NULL),
(10, 'eve488', 'fée'),
(10, 'hél259', 'sorcière'),
(10, 'léo458', 'ange'),
(10, 'ber82', 'Luke'),
(10, 'jul84', 'Jon Snow'),
(10, 'sév201', 'Zelda'),
(10, 'eri420', 'Frodon'),
(10, 'emm233', 'Clochette'),
(10, 'ibr130', 'Darth Vader'),
(11, 'zel8', 'Anna'),
(11, 'jul478', 'magicien'),
(11, 'pat70', 'Link'),
(11, 'ale65', NULL),
(11, 'maë202', 'Leia'),
(11, 'nor255', 'schtroumpf'),
(11, 'cor139', 'Zelda'),
(11, 'nor214', 'ninja'),
(11, 'sté182', 'ange'),
(11, 'céc144', 'Maléfique'),
(11, 'con378', 'Arwen'),
(11, 'dom235', 'démon'),
(11, 'pén497', 'Cendrillon'),
(11, 'pat450', 'ninja'),
(11, 'ton231', 'Link'),
(11, 'clé242', 'Jon Snow'),
(11, 'con133', 'Clochette'),
(11, 'oct1', 'démon'),
(11, 'pru112', 'minion'),
(11, 'tif414', 'ninja'),
(11, 'hen454', 'zombie'),
(11, 'col10', 'Leia'),
(11, 'ann384', 'Daenerys'),
(11, 'col125', 'Katniss'),
(11, 'tar365', NULL),
(11, 'que183', 'Jon Snow'),
(11, 'ste369', 'vampire'),
(11, 'nat352', 'Elsa'),
(11, 'viv19', 'minion'),
(11, 'pru256', 'elfe'),
(11, 'mam54', 'ange'),
(11, 'ber455', 'Spiderman'),
(11, 'dom445', 'chevalier'),
(11, 'wil140', 'elfe'),
(11, 'sté465', 'alien'),
(11, 'dav316', 'Aragorn'),
(11, 'meh119', 'Aragorn'),
(12, 'eli3', 'démon'),
(12, 'aur320', 'Arwen'),
(12, 'céc144', 'lutin'),
(12, 'joh154', 'orc'),
(12, 'oct461', 'orc'),
(12, 'léa101', 'Arwen'),
(12, 'isi473', 'Mario'),
(12, 'sté477', 'James Bond'),
(12, 'viv129', NULL),
(12, 'jea428', 'James Bond'),
(12, 'mic137', 'fantôme'),
(12, 'eme411', 'Frodon'),
(12, 'mar148', 'épouvantail'),
(12, 'rég28', 'magicien'),
(12, 'dyl337', 'magicien'),
(12, 'fau207', 'schtroumpf'),
(12, 'dav316', 'Gandalf'),
(12, 'lam161', 'Superman'),
(12, 'han116', 'zombie'),
(12, 'pas261', 'Batgirl'),
(12, 'cam25', 'épouvantail'),
(12, 'rég481', 'lutin'),
(12, 'moh432', 'elfe'),
(12, 'pru113', 'ange'),
(12, 'nor255', 'magicien'),
(12, 'ell398', 'Jon Snow'),
(12, 'han75', 'ange'),
(12, 'zac298', 'elfe'),
(12, 'meh286', 'épouvantail'),
(12, 'dap353', 'épouvantail'),
(12, 'ala427', 'Spiderman'),
(12, 'gré234', 'Kylo Ren'),
(12, 'tim281', 'Spiderman'),
(12, 'val276', 'épouvantail'),
(12, 'axe392', 'lutin'),
(12, 'man355', 'sirène'),
(12, 'rom171', 'sirène'),
(12, 'rap436', 'démon'),
(12, 'séb203', 'Link'),
(12, 'yas59', 'Clochette'),
(12, 'yas280', 'Cendrillon'),
(12, 'mat296', 'Frankenstein'),
(12, 'cor93', 'sirène'),
(12, 'nes62', 'épouvantail'),
(12, 'ale36', 'schtroumpf'),
(12, 'pét17', 'Clochette'),
(12, 'tif97', 'Zelda'),
(12, 'ala172', 'minion'),
(12, 'hub375', 'ange'),
(12, 'han377', 'minion'),
(12, 'syl260', 'Rey'),
(12, 'sam285', 'chevalier'),
(12, 'man359', 'Peach'),
(12, 'céd301', 'Aragorn'),
(12, 'ant331', 'magicien'),
(12, 'pat484', 'Mario'),
(12, 'pas29', 'ninja'),
(12, 'amé424', 'Zelda'),
(12, 'fél308', 'Aragorn'),
(12, 'mar462', 'démon'),
(12, 'vir440', 'ninja'),
(12, 'jan336', 'Blanche Neige'),
(12, 'and499', 'Darth Vader'),
(12, 'ais108', 'Daenerys'),
(12, 'vic92', 'magicien'),
(12, 'eme52', 'Frankenstein'),
(12, 'dav220', 'Père Noël'),
(12, 'pru239', 'Mère Noël'),
(12, 'mau388', 'démon'),
(12, 'lei421', 'Maléfique'),
(12, 'pat376', 'Link'),
(13, 'jea415', 'fantôme'),
(13, 'léo358', 'Superman'),
(13, 'fab181', 'Merlin'),
(13, 'tif252', 'ninja'),
(13, 'cha157', 'Cendrillon'),
(13, 'pao417', 'Jon Snow'),
(13, 'lei421', 'zombie'),
(13, 'eli381', 'Daenerys'),
(13, 'jac247', 'James Bond'),
(13, 'bén212', 'fantôme'),
(13, 'her153', 'Daenerys'),
(13, 'adr351', 'lutin'),
(13, 'uly206', 'Père Noël'),
(13, 'pru494', 'ninja'),
(13, 'meh487', 'minion'),
(14, 'tho274', 'schtroumpf'),
(14, 'yas59', 'schtroumpf'),
(14, 'jac466', 'schtroumpf'),
(14, 'gab435', 'schtroumpf'),
(14, 'hug190', 'schtroumpf'),
(14, 'val196', 'schtroumpf'),
(14, 'iph64', 'schtroumpf'),
(14, 'pét399', 'schtroumpf'),
(14, 'sté210', 'schtroumpf'),
(14, 'cas495', 'schtroumpf'),
(14, 'mam293', 'schtroumpf'),
(14, 'cas438', 'schtroumpf'),
(14, 'ell469', 'schtroumpf'),
(14, 'chl433', 'schtroumpf'),
(14, 'cyn334', 'schtroumpf'),
(14, 'xav83', 'schtroumpf'),
(14, 'nor255', 'schtroumpf'),
(14, 'hél452', 'schtroumpf'),
(14, 'hen454', 'schtroumpf'),
(14, 'ber443', 'schtroumpf'),
(14, 'gin323', 'schtroumpf'),
(14, 'zoé76', 'schtroumpf'),
(14, 'lou277', 'schtroumpf'),
(14, 'fab37', 'schtroumpf'),
(14, 'nol198', 'schtroumpf'),
(14, 'yas319', 'schtroumpf'),
(14, 'meh487', 'schtroumpf'),
(14, 'jul478', 'schtroumpf'),
(14, 'bén212', 'schtroumpf'),
(14, 'léo358', 'schtroumpf'),
(14, 'cor139', 'schtroumpf'),
(14, 'sté89', 'schtroumpf'),
(14, 'mar340', 'schtroumpf'),
(15, 'pru256', 'minion'),
(15, 'flo165', 'Anna'),
(15, 'bén192', 'Anna'),
(15, 'zor66', 'lutin'),
(15, 'gas215', 'ange'),
(15, 'jér472', 'lutin'),
(15, 'col10', NULL),
(15, 'rod341', 'Luke'),
(15, 'mar148', 'sirène'),
(15, 'gui2', 'Superman'),
(15, 'jan343', 'Katniss'),
(15, 'jea208', 'vampire'),
(15, 'han75', 'Mère Noël'),
(15, 'val100', 'Leia'),
(15, 'fra434', 'Zelda'),
(15, 'ant131', 'Père Noël'),
(15, 'adè267', 'Zelda'),
(15, 'cél258', 'citrouille'),
(15, 'eme52', 'lutin'),
(15, 'isi473', 'Aragorn'),
(15, 'jea152', 'Jon Snow'),
(15, 'han116', 'Rey'),
(15, 'ber58', 'lutin'),
(15, 'dav220', 'chevalier'),
(15, 'céd159', 'alien'),
(15, 'cas495', 'chevalier'),
(15, 'fab483', 'Batman'),
(15, 'pab71', 'Mario'),
(15, 'pru113', 'démon'),
(15, 'lam161', 'zombie'),
(15, 'tho11', 'Link'),
(15, 'syl393', 'lutin'),
(15, 'ber78', 'minion'),
(15, 'ale127', 'sirène'),
(15, 'mar186', 'épouvantail'),
(15, 'lau305', 'Arwen'),
(15, 'cor266', 'ange'),
(15, 'aur320', 'épouvantail'),
(15, 'cha178', 'Blanche Neige'),
(15, 'fab366', 'orc'),
(15, 'wil367', 'ninja'),
(15, 'jul84', 'Mario'),
(15, 'ele272', 'Batgirl'),
(15, 'pru85', 'chevalier'),
(15, 'loï361', 'zombie'),
(15, 'fau207', 'Daenerys'),
(15, 'thé342', 'Kylo Ren'),
(15, 'emm402', 'minion'),
(15, 'uly16', 'Gandalf'),
(15, 'sté349', 'alien'),
(15, 'ari226', 'Peach'),
(15, 'ste209', 'Spiderman'),
(15, 'jea397', 'épouvantail'),
(15, 'ben81', 'Darth Vader'),
(15, 'sté187', 'Elsa'),
(15, 'did175', 'Gandalf'),
(15, 'nor214', 'Père Noël'),
(15, 'clé242', 'fantôme'),
(15, 'nie368', 'démon'),
(15, 'sté477', 'Père Noël'),
(15, 'pru385', 'schtroumpf'),
(15, 'ber443', 'Frankenstein'),
(15, 'rom171', 'Elsa'),
(15, 'moh432', 'Link'),
(15, 'oli289', 'elfe'),
(15, 'meh400', 'Han Solo'),
(15, 'ant331', 'Jon Snow'),
(15, 'mam54', 'épouvantail'),
(15, 'geh300', NULL),
(15, 'ale36', 'Père Noël'),
(15, 'ale489', 'chevalier'),
(15, 'mic137', 'démon'),
(15, 'wil211', 'Batgirl'),
(15, 'emi327', 'Leia'),
(15, 'hen132', 'Batman'),
(15, 'mat296', 'Link'),
(15, 'tho310', 'Batman'),
(15, 'xav83', 'chevalier'),
(15, 'ama279', 'magicien'),
(15, 'lau389', 'vampire'),
(15, 'nol198', 'Catwoman'),
(15, 'zel26', 'Peach'),
(15, 'mau388', 'sorcière'),
(15, 'rém197', 'Darth Vader'),
(15, 'pau425', 'Darth Vader'),
(15, 'tif252', 'Aurore'),
(15, 'vir440', 'vampire'),
(15, 'arm73', 'lutin'),
(15, 'tar365', 'Elsa'),
(15, 'léo409', 'schtroumpf'),
(15, 'han377', 'zombie'),
(15, 'val196', 'schtroumpf'),
(15, 'meh291', 'chevalier'),
(15, 'uly206', 'alien'),
(15, 'meh174', 'lutin'),
(15, 'wal205', 'Gandalf'),
(15, 'glo229', 'Batgirl'),
(15, 'ili216', 'citrouille'),
(15, 'nie354', 'Kylo Ren'),
(16, 'ali193', 'Daenerys'),
(16, 'bén192', 'Katniss'),
(16, 'dom235', 'Peach'),
(16, 'pau236', NULL),
(16, 'adr351', 'épouvantail'),
(16, 'wil140', 'Elsa'),
(16, 'dim270', 'Jon Snow'),
(16, 'rob423', 'épouvantail'),
(16, 'syl393', NULL),
(16, 'eri420', 'James Bond'),
(16, 'lau389', 'schtroumpf'),
(16, 'cor302', 'ange'),
(16, 'nie368', 'Aragorn'),
(16, 'yas59', 'Catwoman'),
(16, 'val196', 'épouvantail'),
(16, 'san295', 'Mère Noël'),
(16, 'syl260', 'Cendrillon'),
(16, 'pru416', 'épouvantail'),
(16, 'ton248', 'Mario'),
(16, 'dav80', 'Gandalf'),
(16, 'ais108', 'sorcière'),
(16, 'vin282', 'Frodon'),
(16, 'pét17', 'elfe'),
(16, 'est459', 'Daenerys'),
(16, 'léa101', 'Mère Noël'),
(16, 'joa49', NULL),
(16, 'hec493', 'épouvantail'),
(16, 'bén212', 'elfe'),
(16, 'ant131', 'Mario'),
(16, 'ilh222', 'magicien'),
(16, 'oma180', 'chevalier'),
(16, 'yve464', 'Kylo Ren'),
(16, 'eme52', 'Luke'),
(16, 'rom39', 'ninja'),
(16, 'ren468', 'Frankenstein'),
(16, 'gin24', 'fantôme'),
(16, 'ama439', 'Catwoman'),
(16, 'gab435', 'minion'),
(16, 'jea397', 'Link'),
(16, 'den232', 'Père Noël'),
(16, 'céd159', 'alien'),
(16, 'sam268', 'Frodon'),
(16, 'emi327', 'ange'),
(16, 'arn55', 'ninja'),
(16, 'elé387', 'Anna'),
(16, 'ben147', 'Link'),
(16, 'ste209', 'elfe'),
(16, 'ele90', 'Cendrillon'),
(16, 'pru113', 'fée'),
(16, 'dyl337', 'elfe'),
(16, 'mam293', 'vampire'),
(16, 'emi304', 'Peach'),
(16, 'cor448', 'Mère Noël'),
(16, 'suz138', 'démon'),
(16, 'est437', 'Elsa'),
(16, 'pas40', 'alien'),
(16, 'zoé134', 'Rey'),
(16, 'gui22', 'chevalier'),
(16, 'zor66', 'sorcière'),
(16, 'ton231', 'magicien'),
(16, 'rom171', 'lutin'),
(16, 'cas495', 'fantôme'),
(16, 'bru230', 'orc'),
(16, 'jea208', 'Spiderman'),
(16, 'gui2', 'Link'),
(16, 'séb203', 'schtroumpf'),
(16, 'vio23', 'Zelda'),
(16, 'lam161', 'épouvantail'),
(16, 'mar148', 'Katniss'),
(16, 'mél371', 'Aurore'),
(16, 'cam25', 'Cendrillon'),
(16, 'sté210', 'lutin'),
(16, 'lou67', 'citrouille'),
(16, 'pab30', 'Frodon'),
(16, 'xav83', 'Link'),
(16, 'wal205', 'elfe'),
(16, 'zel26', 'ninja'),
(16, 'bén449', 'sorcière'),
(16, 'eme0', 'épouvantail'),
(16, 'vic217', 'schtroumpf'),
(16, 'els287', 'épouvantail'),
(16, 'nao227', 'fée'),
(16, 'con378', 'ange'),
(16, 'eve32', 'fantôme'),
(16, 'mic137', 'ninja'),
(16, 'maë202', 'sirène'),
(16, 'hél259', 'Clochette'),
(16, 'thé283', 'minion'),
(16, 'han75', 'épouvantail'),
(16, 'léo458', 'vampire'),
(16, 'mat79', 'fantôme'),
(16, 'ale56', 'Batgirl'),
(16, 'flo15', 'Luke'),
(16, 'pab71', 'Link'),
(16, 'uly241', 'démon'),
(16, 'van426', 'Daenerys'),
(16, 'fab38', 'chevalier'),
(16, 'pau425', 'vampire'),
(16, 'cél258', NULL),
(16, 'jos141', 'démon'),
(16, 'pru385', 'fantôme'),
(16, 'lei421', 'ange'),
(16, 'rom410', 'ange'),
(16, 'mau388', 'Katniss'),
(16, 'rap45', 'Kylo Ren'),
(16, 'eve105', 'alien'),
(16, 'dav220', 'Jon Snow'),
(16, 'mar340', 'citrouille'),
(16, 'val276', 'épouvantail'),
(16, 'jac466', 'Batman'),
(16, 'pat484', 'épouvantail'),
(16, 'léo358', 'Batman'),
(17, 'con315', 'Anna'),
(17, 'gab13', 'magicien'),
(17, 'sar482', 'épouvantail'),
(17, 'pau425', 'Spiderman'),
(17, 'rom171', 'elfe'),
(17, 'ste263', 'Père Noël'),
(17, 'jea218', 'Kylo Ren'),
(17, 'uly206', 'citrouille'),
(17, 'eve32', 'alien'),
(17, 'jér472', 'elfe'),
(17, 'cla498', 'Blanche Neige'),
(17, 'tif97', 'chevalier'),
(17, 'sam491', 'Luke'),
(17, 'eli3', 'Leia'),
(17, 'sim492', 'James Bond'),
(17, 'ton231', 'Link'),
(17, 'léo409', 'ninja'),
(17, 'did4', 'Link'),
(17, 'rod194', 'vampire'),
(17, 'léo358', 'magicien'),
(17, 'zoé134', NULL),
(17, 'ale56', 'Katniss'),
(17, 'ili216', 'schtroumpf'),
(17, 'mat254', 'Peach'),
(17, 'flo269', 'Maléfique'),
(17, 'luc364', 'démon'),
(17, 'que115', NULL),
(17, 'jea18', 'lutin'),
(17, 'ele350', 'Anna'),
(17, 'dav316', 'lutin'),
(17, 'ann117', 'zombie'),
(17, 'sté182', 'fantôme'),
(17, 'eri420', 'citrouille'),
(18, 'rég28', 'elfe'),
(18, 'mam407', 'Han Solo'),
(18, 'san344', 'Peach'),
(18, 'bru230', 'elfe'),
(18, 'jea428', 'ange'),
(18, 'chr61', 'Kylo Ren'),
(18, 'thé342', 'lutin'),
(18, 'fab181', 'schtroumpf'),
(18, 'sam27', 'zombie'),
(18, 'joh120', 'Merlin'),
(18, 'hub185', 'Han Solo'),
(18, 'hél60', 'lutin'),
(18, 'did175', NULL),
(18, 'zoé474', 'Anna'),
(18, 'mic68', 'Clochette'),
(18, 'wil335', 'ninja'),
(18, 'zoé76', 'alien'),
(18, 'thé191', 'Superman'),
(18, 'lau292', 'Anna'),
(18, 'tar365', 'Mère Noël'),
(18, 'irè63', 'ange'),
(18, 'dav316', 'Jon Snow'),
(18, 'ber225', 'épouvantail'),
(18, 'pru494', 'Daenerys'),
(18, 'pru112', 'Blanche Neige'),
(18, 'dom122', 'Gandalf'),
(18, 'rap436', 'vampire'),
(18, 'nic338', 'Frankenstein'),
(18, 'col125', 'Catwoman'),
(18, 'céc348', 'Batgirl'),
(18, 'pru382', 'Peach'),
(18, 'nat352', 'Anna'),
(18, 'hen253', 'Aragorn'),
(18, 'léo358', 'Spiderman'),
(18, 'san324', 'Katniss'),
(18, 'nie486', 'schtroumpf'),
(18, 'léa329', 'Blanche Neige'),
(18, 'ali193', 'Peach'),
(18, 'ibr130', 'James Bond'),
(18, 'léo458', 'Aragorn'),
(18, 'dav220', 'Frodon'),
(18, 'sar482', 'sirène'),
(18, 'yas59', 'Mère Noël'),
(18, 'flo269', 'démon'),
(18, 'mar462', 'Batgirl'),
(18, 'aga406', 'Cendrillon'),
(18, 'dyl337', 'orc'),
(18, 'pén497', 'chevalier'),
(18, 'gin46', 'Clochette'),
(18, 'thé188', 'Cendrillon'),
(18, 'tho11', 'Jon Snow'),
(18, 'dom445', 'Darth Vader'),
(18, 'xav83', 'Frankenstein'),
(18, 'geh300', 'ninja'),
(18, 'rém197', 'lutin'),
(18, 'amé424', 'Peach'),
(18, 'pét399', 'chevalier'),
(19, 'chr245', 'orc'),
(19, 'edo284', 'vampire'),
(19, 'rod341', 'Merlin'),
(19, 'did175', 'James Bond'),
(19, 'ber184', 'lutin'),
(19, 'tan294', 'Daenerys'),
(19, 'lou496', 'Daenerys'),
(19, 'mar462', 'Clochette'),
(19, 'clé242', 'épouvantail'),
(19, 'rém197', 'Han Solo'),
(19, 'jér472', 'démon'),
(19, 'gab13', 'Kylo Ren'),
(19, 'luc200', 'Clochette'),
(19, 'thé246', 'Leia'),
(19, 'lud111', 'orc'),
(19, 'mat254', 'Elsa'),
(19, 'pru85', 'alien'),
(19, 'van426', 'citrouille'),
(19, 'rom39', 'ninja'),
(19, 'meh174', 'Link'),
(19, 'mar135', 'lutin'),
(19, 'dom235', 'Leia'),
(19, 'mau388', 'Daenerys'),
(19, 'meh291', 'Darth Vader'),
(19, 'syl393', 'Zelda'),
(19, 'ant331', 'lutin'),
(19, 'val196', 'minion'),
(19, 'ant131', 'Darth Vader'),
(19, 'joc69', 'Superman'),
(19, 'amé204', 'alien'),
(19, 'nor255', 'zombie'),
(19, 'zac298', 'Merlin'),
(19, 'céc348', 'ange'),
(19, 'pat450', 'alien'),
(19, 'ale36', 'ange'),
(19, 'pru112', 'chevalier'),
(19, 'les176', 'Anna'),
(19, 'den20', 'Peach'),
(19, 'pas29', 'Peach'),
(19, 'fré317', 'Mario'),
(19, 'flo269', 'fantôme'),
(19, 'que115', 'Frodon'),
(19, 'fra91', 'démon'),
(19, 'uly241', 'minion'),
(19, 'pau236', 'Peach'),
(19, 'xav83', 'Spiderman'),
(19, 'cor275', 'Clochette'),
(19, 'jos141', 'Frodon'),
(19, 'wil367', 'Aurore'),
(19, 'céc144', 'alien'),
(19, 'vir47', NULL),
(19, 'mel121', 'ninja'),
(19, 'elé166', 'fée'),
(19, 'cha157', 'chevalier'),
(19, 'zel8', 'Maléfique'),
(19, 'wal205', 'Aragorn'),
(19, 'fra434', 'fée'),
(19, 'rég28', 'Mario'),
(19, 'luc250', 'Aurore'),
(19, 'jor444', 'Link'),
(19, 'con133', 'Batgirl'),
(19, 'elo479', 'Katniss'),
(19, 'vin386', 'Superman'),
(19, 'ilh222', 'Link'),
(19, 'dyl337', 'épouvantail'),
(19, 'wil335', 'Leia'),
(19, 'pat484', 'Kylo Ren'),
(19, 'san295', 'Anna'),
(19, 'oct461', 'Frankenstein'),
(19, 'ala88', 'Link'),
(19, 'adr48', 'schtroumpf'),
(20, 'tho310', 'citrouille'),
(20, 'yas280', 'Catwoman'),
(20, 'pat450', 'Merlin'),
(20, 'ele350', 'Clochette'),
(20, 'mam293', 'lutin'),
(20, 'pru385', 'magicien'),
(20, 'xav107', 'Merlin'),
(20, 'ber443', 'Aragorn'),
(20, 'syl347', 'zombie'),
(20, 'ann384', 'Anna'),
(20, 'fab366', 'Superman'),
(20, 'dav316', 'minion'),
(20, 'cha178', 'épouvantail'),
(20, 'han75', 'Catwoman'),
(20, 'cor139', 'Katniss'),
(20, 'rob326', 'ninja'),
(20, 'son106', 'minion'),
(20, 'hél452', 'Peach'),
(20, 'joc69', 'zombie'),
(20, 'tif252', 'minion'),
(20, 'jea397', 'magicien'),
(20, 'emm233', 'Leia'),
(20, 'chr163', 'Spiderman'),
(20, 'lou277', 'Maléfique'),
(20, 'ali193', 'Rey'),
(20, 'bla109', 'fantôme'),
(20, 'sté182', 'ninja'),
(20, 'tif97', 'fée'),
(20, 'wil335', 'Arwen'),
(20, 'viv189', 'Darth Vader'),
(20, 'cor302', 'Spiderman'),
(20, 'vin282', 'épouvantail'),
(20, 'maë202', 'chevalier'),
(20, 'eli3', 'Daenerys'),
(20, 'tal14', 'Maléfique'),
(20, 'ele272', 'épouvantail'),
(20, 'bén449', 'chevalier'),
(20, 'clé242', 'James Bond'),
(20, 'han116', NULL),
(20, 'sam27', 'schtroumpf'),
(20, 'yar297', 'Clochette'),
(20, 'van426', 'Aurore'),
(20, 'hug190', 'fantôme'),
(20, 'ber78', 'Frodon'),
(20, 'did158', 'orc'),
(20, 'gab53', 'alien'),
(20, 'pru416', 'Zelda'),
(20, 'pén497', 'vampire'),
(20, 'arn55', 'orc'),
(20, 'pru382', 'démon'),
(20, 'les176', 'Leia'),
(20, 'ama439', 'Rey'),
(20, 'ren468', 'citrouille'),
(20, 'rom171', 'Zelda'),
(20, 'sam491', 'Père Noël'),
(20, 'xav83', 'zombie'),
(20, 'chr94', 'fée'),
(20, 'mat296', NULL),
(20, 'hec493', 'Kylo Ren'),
(20, 'ste209', 'magicien'),
(20, 'pab313', 'Merlin'),
(20, 'océ321', 'minion'),
(20, 'cam25', 'minion'),
(20, 'ren383', 'fantôme'),
(20, 'dom43', 'Daenerys'),
(20, 'hug485', 'Spiderman'),
(20, 'syl393', 'schtroumpf'),
(20, 'fau207', 'Maléfique'),
(20, 'flo87', 'Mère Noël'),
(20, 'wal205', 'zombie'),
(20, 'mel121', 'Batman'),
(20, 'con315', 'lutin'),
(20, 'fra91', 'zombie'),
(20, 'mic68', 'citrouille'),
(20, 'moh432', 'Darth Vader'),
(20, 'uly241', 'ninja'),
(20, 'vir362', 'schtroumpf'),
(20, 'ale404', 'démon'),
(20, 'ibr130', 'Darth Vader'),
(20, 'urs451', 'Blanche Neige'),
(20, 'luc250', 'schtroumpf'),
(20, 'rap436', 'Luke'),
(20, 'gra480', 'Elsa'),
(20, 'ale489', 'Darth Vader'),
(20, 'mau388', NULL),
(20, 'meh119', 'Merlin'),
(20, 'dia145', 'Daenerys'),
(20, 'tan294', 'magicien'),
(20, 'cha243', 'Kylo Ren'),
(21, 'dim270', 'Père Noël'),
(21, 'glo229', 'Anna'),
(21, 'joc213', 'Superman'),
(21, 'did158', 'schtroumpf'),
(21, 'iph64', 'démon'),
(21, 'hen132', 'épouvantail'),
(21, 'gra480', 'Catwoman'),
(21, 'léo358', 'Merlin'),
(21, 'cor93', 'épouvantail'),
(21, 'yas59', 'sorcière'),
(21, 'joh154', 'chevalier'),
(21, 'cél167', 'alien'),
(21, 'ben81', 'orc'),
(21, 'lam161', 'alien'),
(21, 'sop96', 'citrouille'),
(21, 'iph219', 'Batgirl'),
(21, 'arn55', 'magicien'),
(21, 'emm233', 'ninja'),
(21, 'nie486', 'Merlin'),
(21, 'cas495', 'Rey'),
(21, 'con315', 'zombie'),
(21, 'flo87', 'fantôme'),
(21, 'ale489', 'zombie'),
(21, 'tho310', 'vampire'),
(21, 'urs451', 'zombie'),
(21, 'est459', 'Katniss'),
(21, 'bru230', 'Mario'),
(21, 'adr401', 'Batman'),
(21, 'pab30', 'vampire'),
(21, 'eme391', 'elfe'),
(21, 'sim330', 'magicien'),
(21, 'jac247', 'magicien'),
(21, 'bla471', 'Arwen'),
(21, 'vic288', 'Katniss'),
(21, 'gui2', 'Superman'),
(21, 'geh99', 'minion'),
(21, 'fab181', 'minion'),
(21, 'flo50', 'Aragorn'),
(21, 'vér363', 'Catwoman'),
(21, 'han377', 'citrouille'),
(21, 'jea397', 'Han Solo'),
(21, 'man359', 'ange'),
(21, 'dor199', 'Cendrillon'),
(21, 'thé188', NULL),
(21, 'col125', 'fée'),
(21, 'meh119', 'alien'),
(21, 'lau305', 'Clochette'),
(21, 'pat299', 'Spiderman'),
(21, 'que115', 'Aragorn'),
(21, 'eme411', 'James Bond'),
(21, 'elé387', 'magicien'),
(21, 'rém197', 'Frodon'),
(21, 'eme0', 'ange'),
(21, 'cha447', 'chevalier'),
(21, 'uly206', 'Han Solo'),
(21, 'hen253', 'ange'),
(21, 'val276', 'sorcière'),
(21, 'elo479', 'Aurore'),
(21, 'pie431', 'fantôme'),
(21, 'ber58', 'Catwoman'),
(21, 'gré373', 'alien'),
(21, 'den20', 'Leia'),
(21, 'ger238', 'elfe'),
(21, 'vér240', 'Aurore'),
(21, 'ala318', 'zombie'),
(21, 'rom171', 'ange'),
(21, 'eve105', 'alien'),
(21, 'sam285', 'Link'),
(21, 'jea428', 'elfe'),
(21, 'reb162', 'Clochette'),
(21, 'pru239', 'alien'),
(21, 'cla498', 'Arwen'),
(21, 'uly16', NULL),
(21, 'ale65', 'fantôme'),
(21, 'eve360', 'Clochette'),
(21, 'loï361', 'minion'),
(21, 'dap353', 'fantôme'),
(21, 'ala88', 'chevalier'),
(21, 'isi473', 'démon'),
(21, 'dom441', 'Link'),
(21, 'ale127', 'démon'),
(21, 'oct1', 'démon'),
(21, 'gui142', 'magicien'),
(21, 'val196', NULL),
(21, 'ant131', NULL),
(21, 'flo15', 'Jon Snow'),
(21, 'gin251', 'ninja'),
(21, 'fél308', 'Merlin'),
(21, 'ilh222', NULL),
(21, 'isa303', 'Batgirl'),
(21, 'nie368', NULL),
(21, 'gra470', 'Arwen'),
(21, 'aur118', 'orc'),
(21, 'wal309', 'Frodon'),
(21, 'lou346', 'vampire'),
(21, 'yve114', 'épouvantail'),
(21, 'zoé134', 'citrouille'),
(21, 'ond475', 'schtroumpf'),
(21, 'dav316', 'elfe'),
(21, 'chr290', 'épouvantail'),
(21, 'oli103', 'lutin'),
(21, 'ele350', 'elfe'),
(21, 'con133', 'fée'),
(21, 'flo33', 'Aragorn'),
(21, 'nie155', NULL),
(21, 'edo284', 'Darth Vader'),
(21, 'ann384', 'Zelda'),
(21, 'mam54', 'Jon Snow'),
(21, 'emi327', NULL),
(21, 'sam394', 'magicien'),
(21, 'sté477', 'Aragorn'),
(21, 'nic338', 'lutin'),
(22, 'rob423', 'Frodon'),
(22, 'cor266', 'fée'),
(22, 'flo15', 'Link'),
(22, 'pau102', 'Clochette'),
(22, 'van426', NULL),
(22, 'fra429', 'Han Solo'),
(22, 'ele272', 'Catwoman'),
(22, 'meh291', 'Batman'),
(22, 'yve114', 'citrouille'),
(22, 'nie368', 'chevalier'),
(22, 'aga314', 'ninja'),
(22, 'sam268', 'Père Noël'),
(22, 'moh104', 'Père Noël'),
(22, 'cor93', 'démon'),
(22, 'luc250', 'Blanche Neige'),
(22, 'wal309', 'Luke'),
(22, 'pét399', 'Rey'),
(22, 'ale489', 'Gandalf'),
(22, 'val276', 'lutin'),
(22, 'cas438', 'sorcière'),
(22, 'han75', 'lutin'),
(22, 'dom43', 'citrouille'),
(22, 'océ321', 'Aurore'),
(22, 'pat70', 'Merlin'),
(22, 'pab412', 'Darth Vader'),
(22, 'mar148', 'fée'),
(22, 'ant370', 'zombie'),
(22, 'meh174', 'Aragorn'),
(22, 'amé424', 'Blanche Neige'),
(22, 'pao271', 'lutin'),
(22, 'pru382', 'sirène'),
(22, 'pau425', 'Merlin'),
(22, 'mar340', 'zombie'),
(22, 'geh322', 'Arwen'),
(22, 'vir362', 'minion'),
(22, 'san442', 'Maléfique'),
(22, 'cél258', 'Mère Noël'),
(22, 'geh300', 'sirène'),
(22, 'flo33', 'orc'),
(22, 'bla471', NULL),
(22, 'rég481', 'Frankenstein'),
(22, 'séb203', 'Frodon'),
(22, 'hug190', 'démon'),
(22, 'eme0', 'magicien'),
(23, 'xav83', 'Frankenstein'),
(23, 'oli103', 'démon'),
(23, 'flo87', 'minion'),
(23, 'meh119', 'Merlin'),
(23, 'hec493', 'Père Noël'),
(23, 'luc364', 'démon'),
(23, 'oct98', 'Link'),
(23, 'uly241', 'James Bond'),
(23, 'jea208', 'minion'),
(23, 'ala427', 'démon'),
(23, 'ste263', 'Jon Snow'),
(23, 'chr163', 'Merlin'),
(23, 'tho11', 'ange'),
(23, 'edo284', 'Link'),
(23, 'rod194', NULL),
(23, 'thé283', 'Peach'),
(23, 'sam285', 'Gandalf'),
(23, 'hél357', 'épouvantail'),
(23, 'glo224', 'fantôme'),
(23, 'elé166', 'Rey'),
(23, 'man355', 'Rey'),
(23, 'joh154', 'Luke'),
(23, 'adr351', 'lutin'),
(23, 'rob423', 'magicien'),
(23, 'ton151', 'alien'),
(23, 'luc200', 'Arwen'),
(23, 'tif414', 'Rey'),
(23, 'pab30', 'chevalier'),
(23, 'fab483', 'Merlin'),
(23, 'ale65', 'citrouille'),
(23, 'lau305', 'lutin'),
(23, 'rég481', 'Spiderman'),
(23, 'oct461', 'alien'),
(23, 'nor214', 'vampire'),
(23, 'jan336', 'magicien'),
(23, 'lei421', 'Elsa'),
(23, 'oli289', 'épouvantail'),
(23, 'axe392', 'Frodon'),
(23, 'dyl337', 'Luke'),
(23, 'cam25', 'lutin'),
(23, 'mar186', 'épouvantail'),
(23, 'tif97', 'Katniss'),
(23, 'léa101', 'schtroumpf'),
(23, 'iph219', 'Blanche Neige'),
(23, 'ale56', 'elfe'),
(23, 'jac466', 'minion'),
(23, 'aur118', 'ange'),
(23, 'sar307', 'elfe'),
(23, 'les176', 'chevalier'),
(23, 'pru382', 'Anna'),
(23, 'sim330', 'Aragorn'),
(23, 'mar340', 'alien'),
(23, 'col125', 'Leia'),
(23, 'emi304', 'schtroumpf'),
(23, 'joa49', 'schtroumpf'),
(23, 'lei325', 'Aurore'),
(23, 'pau425', 'elfe'),
(23, 'hen132', 'magicien'),
(23, 'eme52', 'minion'),
(23, 'yve114', 'alien'),
(23, 'céc348', 'Zelda'),
(23, 'céd301', NULL),
(23, 'joc213', 'Batman'),
(23, 'nie354', 'alien'),
(23, 'aga314', 'Rey'),
(23, 'fél308', 'démon'),
(23, 'nol198', 'vampire'),
(23, 'pat376', 'minion'),
(23, 'gui2', 'Merlin'),
(23, 'zac298', 'orc'),
(23, 'pao374', 'schtroumpf'),
(23, 'moh44', 'Aragorn'),
(23, 'odi403', 'Peach'),
(23, 'den20', 'Catwoman'),
(23, 'dav220', 'Père Noël'),
(23, 'oli372', 'Superman'),
(23, 'flo173', 'alien'),
(23, 'dav150', 'magicien'),
(23, 'mau388', NULL),
(23, 'cél258', 'Zelda'),
(23, 'sté457', 'James Bond'),
(24, 'yar297', 'Blanche Neige'),
(24, 'eme391', 'Batman'),
(24, 'cha178', 'minion'),
(24, 'cam123', 'Frankenstein'),
(24, 'chr7', 'épouvantail'),
(24, 'mar340', 'ninja'),
(24, 'jea428', 'Gandalf'),
(24, 'ton151', 'schtroumpf'),
(24, 'ala427', 'James Bond'),
(24, 'ala88', NULL),
(24, 'lam446', 'schtroumpf'),
(24, 'est12', 'Peach'),
(24, 'moh104', 'James Bond'),
(24, 'tal177', 'sorcière'),
(24, 'rom410', 'elfe'),
(24, 'eve488', 'sirène'),
(24, 'jac466', 'Link'),
(24, 'cor262', 'vampire'),
(24, 'dam463', 'James Bond'),
(24, 'pat299', 'orc'),
(24, 'sév201', 'Batgirl'),
(24, 'meh408', 'Batman'),
(24, 'ren383', 'Han Solo'),
(24, 'elé166', 'schtroumpf'),
(24, 'nao227', 'Katniss'),
(24, 'hen132', 'Superman'),
(24, 'thé342', 'Superman'),
(24, 'vir362', 'Spiderman'),
(24, 'jul356', 'Maléfique'),
(24, 'meh174', 'alien'),
(24, 'pie431', 'chevalier'),
(24, 'jan336', 'Blanche Neige'),
(24, 'rém197', 'Spiderman'),
(24, 'wil335', 'ange'),
(24, 'meh119', 'elfe'),
(24, 'joh120', 'vampire'),
(24, 'ili216', 'Merlin'),
(24, 'jac247', 'Kylo Ren'),
(24, 'mic137', 'Kylo Ren'),
(24, 'dap353', 'Maléfique'),
(24, 'chr61', 'vampire'),
(24, 'ele350', 'schtroumpf'),
(24, 'sam27', 'Link'),
(24, 'hél259', 'alien'),
(24, 'sam268', 'elfe'),
(24, 'océ321', 'Cendrillon'),
(24, 'san295', 'démon'),
(24, 'sté182', 'magicien'),
(24, 'léo358', 'ange'),
(24, 'ilh222', 'Jon Snow'),
(24, 'ali193', 'ange'),
(24, 'jea74', 'orc'),
(24, 'cla498', 'épouvantail'),
(24, 'her153', 'alien'),
(24, 'zoé474', 'Maléfique'),
(24, 'max35', 'Darth Vader'),
(24, 'pau236', 'vampire'),
(24, 'meh487', 'Frankenstein'),
(24, 'luc250', 'Blanche Neige'),
(24, 'sté349', 'elfe'),
(24, 'mam293', 'minion'),
(24, 'rod341', 'lutin'),
(24, 'pat484', 'Mario'),
(24, 'pas40', 'Leia'),
(24, 'nie368', 'minion'),
(24, 'geh99', 'Leia'),
(24, 'est437', 'ninja'),
(24, 'cam25', 'Rey'),
(24, 'ala195', 'elfe'),
(24, 'nor255', 'minion'),
(24, 'dor199', 'chevalier'),
(24, 'wal309', 'vampire'),
(24, 'pén497', 'Clochette'),
(24, 'tal14', 'chevalier'),
(24, 'bla380', 'démon'),
(24, 'ell398', 'citrouille'),
(24, 'vin386', 'Jon Snow'),
(24, 'dom43', 'Elsa'),
(24, 'sté457', 'schtroumpf'),
(24, 'fau207', 'schtroumpf'),
(24, 'tho11', 'Frodon'),
(24, 'jea397', 'démon'),
(24, 'did158', 'Kylo Ren'),
(24, 'lou346', 'Katniss'),
(24, 'meh286', 'James Bond'),
(24, 'moh312', 'schtroumpf'),
(24, 'pab313', 'Batman'),
(24, 'cor126', 'alien'),
(24, 'reb162', 'elfe'),
(24, 'isa303', 'Batgirl'),
(24, 'tar21', 'Aurore'),
(24, 'eme0', 'Darth Vader'),
(24, 'eme411', 'citrouille'),
(24, 'ala318', 'schtroumpf'),
(24, 'cha447', 'vampire'),
(24, 'gré234', 'Aragorn'),
(24, 'pru113', 'Zelda'),
(24, 'flo33', 'Darth Vader'),
(24, 'mat79', 'alien'),
(24, 'son106', 'schtroumpf'),
(24, 'tim281', 'Link'),
(24, 'pat450', NULL),
(24, 'axe392', 'schtroumpf'),
(24, 'sim330', 'lutin'),
(24, 'yas319', 'Leia'),
(24, 'bén449', 'alien'),
(24, 'eme52', 'Batman'),
(24, 'luc364', 'Leia'),
(24, 'jea152', 'Luke'),
(24, 'alp264', 'ange'),
(24, 'cha306', 'Gandalf'),
(24, 'iph64', 'ange'),
(24, 'syl260', 'épouvantail'),
(24, 'dia145', 'vampire'),
(24, 'gré373', 'fantôme'),
(24, 'rod194', 'démon'),
(24, 'cas438', 'zombie'),
(25, 'les168', 'zombie'),
(25, 'pie431', 'elfe'),
(25, 'mat223', NULL),
(25, 'van426', 'Elsa'),
(25, 'val100', 'démon'),
(25, 'hug51', 'magicien'),
(25, 'moh312', 'Frodon'),
(25, 'pau236', 'elfe'),
(25, 'thé188', 'Blanche Neige'),
(25, 'nor214', 'fantôme'),
(25, 'les332', 'ninja'),
(25, 'aga406', 'ninja'),
(25, 'gab435', 'Maléfique'),
(25, 'sam278', 'chevalier'),
(25, 'nes62', 'Daenerys'),
(25, 'jea453', 'vampire'),
(25, 'tif97', 'ninja'),
(25, 'emm233', 'Daenerys'),
(25, 'geh322', 'sorcière'),
(25, 'max136', 'ange'),
(26, 'lau292', 'sirène'),
(26, 'fab38', 'James Bond'),
(26, 'vér363', 'citrouille'),
(26, 'amé204', 'elfe'),
(26, 'lud160', 'Darth Vader'),
(26, 'dor199', 'magicien'),
(26, 'amé424', 'citrouille'),
(26, 'meh400', 'Superman'),
(26, 'joa49', 'citrouille'),
(26, 'adr48', 'vampire'),
(26, 'pru256', 'épouvantail'),
(26, 'jea152', 'schtroumpf'),
(26, 'chr61', 'démon'),
(26, 'chr7', 'schtroumpf'),
(26, 'her153', 'Anna'),
(26, 'lis179', 'Leia'),
(26, 'que115', 'Merlin'),
(26, 'joc69', 'Link'),
(26, 'luc200', NULL),
(26, 'joc213', 'James Bond'),
(26, 'ili216', 'minion'),
(26, 'gab53', 'vampire'),
(26, 'ari110', 'schtroumpf'),
(26, 'rob423', 'Darth Vader'),
(26, 'mat296', NULL),
(26, 'hen454', 'sirène'),
(26, 'moh432', 'Darth Vader'),
(26, 'gui2', 'magicien'),
(26, 'ale36', 'orc'),
(26, 'pie431', 'schtroumpf'),
(26, 'pas261', 'Peach'),
(26, 'nor214', 'Darth Vader'),
(26, 'flo311', 'Catwoman'),
(26, 'max136', 'vampire'),
(26, 'pat299', 'Merlin'),
(26, 'est437', 'Maléfique'),
(26, 'rom39', 'lutin'),
(26, 'flo31', 'vampire'),
(26, 'ben147', 'Spiderman'),
(26, 'chr290', 'Aurore'),
(26, 'val196', 'chevalier'),
(26, 'cas495', 'Maléfique'),
(26, 'nao227', 'lutin'),
(26, 'pie339', NULL),
(26, 'gas215', 'Spiderman'),
(26, 'lei257', 'sirène'),
(26, 'dia145', 'Zelda'),
(26, 'pab313', 'Spiderman'),
(26, 'mat223', 'Daenerys'),
(26, 'gaë156', 'Cendrillon'),
(26, 'jea18', NULL),
(26, 'sté457', 'Spiderman'),
(26, 'tal14', 'Cendrillon'),
(26, 'flo269', 'schtroumpf'),
(26, 'zel8', 'Rey'),
(26, 'dam463', 'Kylo Ren'),
(26, 'sté477', 'Aragorn'),
(27, 'céc348', 'vampire'),
(27, 'gui22', 'vampire'),
(27, 'ala427', 'vampire'),
(27, 'pru416', 'vampire'),
(27, 'ell333', 'vampire'),
(27, 'jac247', 'vampire'),
(27, 'ama279', 'vampire'),
(27, 'amé424', 'vampire'),
(27, 'yve114', 'vampire'),
(27, 'ale127', 'vampire'),
(27, 'phi476', 'vampire'),
(27, 'gaë156', 'vampire'),
(27, 'ele272', 'vampire'),
(27, 'rob326', 'vampire'),
(27, 'ond475', 'vampire'),
(27, 'pau236', 'vampire'),
(27, 'jul478', 'vampire'),
(27, 'léo409', 'vampire'),
(27, 'fél308', 'vampire'),
(27, 'yas59', 'vampire'),
(27, 'gab53', 'vampire'),
(27, 'oli289', 'vampire'),
(27, 'ibr130', 'vampire'),
(27, 'lam446', 'vampire'),
(27, 'geh99', 'vampire'),
(27, 'cor448', 'vampire'),
(27, 'son106', 'vampire'),
(27, 'ste369', 'vampire'),
(27, 'joa49', 'vampire'),
(27, 'pru85', 'vampire'),
(27, 'vin386', 'vampire'),
(27, 'ari110', 'vampire'),
(27, 'cor275', 'vampire'),
(27, 'san295', 'vampire'),
(27, 'vin95', 'vampire'),
(27, 'flo311', 'vampire'),
(27, 'elé387', 'vampire'),
(27, 'mél371', 'vampire'),
(27, 'jul356', 'vampire'),
(27, 'zac298', 'vampire'),
(27, 'adr351', 'vampire'),
(27, 'lud160', 'vampire'),
(27, 'jea453', 'vampire'),
(27, 'eli381', 'vampire'),
(27, 'pab313', 'vampire'),
(27, 'jea428', 'vampire'),
(27, 'nor214', 'vampire'),
(27, 'vic288', 'vampire'),
(27, 'ele350', 'vampire'),
(27, 'gin46', 'vampire'),
(27, 'séb203', 'vampire'),
(27, 'bri124', 'vampire'),
(27, 'cla498', 'vampire'),
(27, 'flo173', 'vampire'),
(27, 'jér472', 'vampire'),
(27, 'nor244', 'vampire'),
(27, 'viv129', 'vampire'),
(27, 'emm379', 'vampire'),
(27, 'zoé474', 'vampire'),
(27, 'ber78', 'vampire'),
(27, 'océ321', 'vampire'),
(27, 'vic217', 'vampire'),
(27, 'est5', 'vampire'),
(27, 'jan343', 'vampire'),
(28, 'pat376', 'schtroumpf'),
(28, 'pru256', 'Arwen'),
(28, 'dom235', 'vampire'),
(28, 'ele272', 'Clochette'),
(28, 'les176', NULL),
(28, 'sam278', 'elfe'),
(28, 'fré317', 'Superman'),
(28, 'con378', 'Rey'),
(28, 'jos141', NULL),
(28, 'mar340', 'elfe'),
(28, 'nat352', 'ninja'),
(28, 'ale489', 'Frankenstein'),
(28, 'pau425', 'minion'),
(28, 'tho274', 'schtroumpf'),
(28, 'ais108', 'Blanche Neige'),
(28, 'mar148', 'Anna'),
(28, 'bén192', 'zombie'),
(28, 'cha306', 'épouvantail'),
(28, 'eve360', 'Anna'),
(28, 'bén449', 'fantôme'),
(28, 'cél258', 'ange'),
(28, 'rém197', 'Mario'),
(28, 'lei421', 'Leia'),
(28, 'emm233', 'Arwen'),
(28, 'cyn334', 'ninja'),
(28, 'ton231', 'chevalier'),
(28, 'san442', 'Blanche Neige'),
(28, 'rod341', 'alien'),
(28, 'dav150', NULL),
(28, 'chr94', 'Elsa'),
(28, 'jea152', 'Darth Vader'),
(28, 'jor444', 'citrouille'),
(28, 'flo173', 'elfe'),
(28, 'jea428', 'Frodon'),
(28, 'loï361', 'lutin'),
(28, 'pat484', 'fantôme'),
(28, 'dom445', 'James Bond'),
(28, 'bri124', 'Aurore'),
(28, 'céc144', 'Maléfique'),
(28, 'rod194', 'Gandalf'),
(28, 'max35', 'ange'),
(28, 'hug128', 'Luke'),
(28, 'eve32', 'citrouille'),
(28, 'adr351', 'Han Solo'),
(28, 'meh487', 'citrouille'),
(28, 'vin282', 'orc'),
(28, 'séb203', 'Père Noël'),
(28, 'fra91', 'Spiderman'),
(28, 'ala427', 'Spiderman'),
(28, 'aur320', 'Batgirl'),
(28, 'hél77', 'Maléfique'),
(28, 'jea453', 'citrouille'),
(28, 'jul356', 'magicien'),
(28, 'dyl337', 'Gandalf'),
(28, 'ama439', 'Zelda'),
(28, 'sar482', 'démon'),
(28, 'cas438', 'schtroumpf'),
(28, 'mél371', 'Batgirl'),
(28, 'thé342', 'Gandalf'),
(28, 'tim281', 'épouvantail'),
(28, 'eli381', 'Rey'),
(28, 'rég481', 'elfe'),
(28, 'pru494', 'alien'),
(28, 'chr245', 'Aragorn'),
(28, 'jan343', 'Clochette'),
(28, 'nor214', 'citrouille'),
(28, 'ann384', 'Maléfique'),
(28, 'sév201', 'Katniss'),
(28, 'hug485', 'Link'),
(28, 'cha243', 'épouvantail'),
(28, 'vic288', NULL),
(28, 'nor244', 'Batman'),
(28, 'sop422', 'Leia'),
(28, 'glo229', 'fée'),
(28, 'val196', 'James Bond'),
(28, 'mar135', 'Arwen'),
(29, 'lud419', 'minion'),
(29, 'yas149', 'Elsa'),
(29, 'san344', 'Batgirl'),
(29, 'ton151', 'Aragorn'),
(29, 'cor262', 'fée'),
(29, 'ele350', 'Arwen'),
(29, 'fab38', 'James Bond'),
(29, 'bla471', 'épouvantail'),
(29, 'rég28', 'ninja'),
(29, 'cha157', 'sirène'),
(29, 'jea218', 'ninja'),
(29, 'mam54', 'minion'),
(29, 'fra434', 'Zelda'),
(29, 'gab435', 'Blanche Neige'),
(29, 'cha41', 'orc'),
(29, 'lud160', 'Batman'),
(29, 'den20', 'fée'),
(29, 'wil140', 'Katniss'),
(29, 'ell398', 'fantôme'),
(30, 'hub375', 'elfe'),
(30, 'pau328', 'Mario'),
(30, 'dom122', 'démon'),
(30, 'vir47', 'sorcière'),
(30, 'rob423', 'Père Noël'),
(30, 'dom441', 'Mario'),
(30, 'jac466', NULL),
(30, 'lei421', 'Maléfique'),
(30, 'rém197', 'épouvantail'),
(30, 'aur118', 'Frodon'),
(30, 'hen454', 'Maléfique'),
(30, 'joh154', 'Kylo Ren'),
(30, 'ale56', 'elfe'),
(30, 'léo458', 'orc'),
(30, 'fél308', 'fantôme'),
(30, 'ale489', 'Mario'),
(30, 'cha243', 'Kylo Ren'),
(30, 'flo173', 'fantôme'),
(30, 'adr456', 'magicien'),
(30, 'cas438', 'Katniss'),
(30, 'thé246', 'schtroumpf'),
(31, 'rég28', 'alien'),
(31, 'eve105', 'Catwoman'),
(31, 'nie486', 'minion'),
(31, 'dav150', 'Spiderman'),
(31, 'chr94', 'Katniss'),
(31, 'emm379', 'vampire'),
(31, 'dom235', 'démon'),
(31, 'gra480', 'Catwoman'),
(31, 'les168', 'lutin'),
(31, 'mam407', 'Merlin'),
(31, 'cas438', 'fée'),
(31, 'son106', 'lutin'),
(31, 'ber443', 'Frankenstein'),
(31, 'val100', 'sorcière'),
(31, 'den20', 'Batgirl'),
(31, 'rap45', 'ninja'),
(31, 'luc250', 'Batgirl'),
(31, 'sté210', 'épouvantail'),
(31, 'ali193', 'fantôme'),
(31, 'moh44', 'magicien'),
(31, 'clé345', 'vampire'),
(31, 'and499', 'Link'),
(31, 'lei257', 'ange'),
(31, 'ale127', 'Clochette'),
(31, 'cla498', 'Catwoman'),
(31, 'eve360', 'sorcière'),
(31, 'hen454', 'Anna'),
(31, 'hug190', NULL),
(31, 'sop96', 'Blanche Neige'),
(31, 'fab38', 'Mario'),
(31, 'pru416', 'démon'),
(31, 'hél77', 'Daenerys'),
(31, 'eme52', 'elfe'),
(31, 'ale56', 'magicien'),
(31, 'arm73', 'Mario'),
(31, 'ala88', 'schtroumpf'),
(31, 'ale65', 'Link'),
(31, 'flo33', 'Aragorn'),
(31, 'ilh222', 'chevalier'),
(31, 'yas149', 'chevalier'),
(31, 'lau389', 'Cendrillon'),
(31, 'con315', 'fée'),
(31, 'pru494', 'Aurore'),
(31, 'chr163', 'James Bond'),
(31, 'thé283', 'Zelda'),
(31, 'cha306', 'alien'),
(31, 'emm233', 'ange'),
(31, 'glo224', 'Maléfique'),
(31, 'dom122', 'Superman'),
(31, 'lau292', 'Rey'),
(31, 'nie368', 'ninja'),
(31, 'reb162', 'Clochette'),
(31, 'ama439', 'Elsa'),
(31, 'sté89', 'lutin'),
(31, 'les176', 'citrouille'),
(31, 'jul356', 'alien'),
(31, 'est437', 'citrouille'),
(31, 'ell333', 'épouvantail'),
(31, 'amé204', 'Daenerys'),
(31, 'sar482', 'Zelda'),
(31, 'oct461', 'chevalier'),
(31, 'syl260', 'Aurore'),
(31, 'sam394', 'Link'),
(31, 'aga57', 'Aurore'),
(31, 'lou67', 'ange'),
(31, 'rom39', 'elfe'),
(31, 'ele350', 'lutin'),
(31, 'vér240', 'vampire'),
(31, 'dor199', 'fantôme'),
(31, 'emi327', 'chevalier'),
(31, 'fra434', 'Elsa'),
(31, 'dam463', 'fantôme'),
(31, 'syl393', 'Daenerys'),
(31, 'océ249', 'chevalier'),
(31, 'lou413', 'Darth Vader'),
(31, 'mam293', 'démon'),
(31, 'rém197', 'Darth Vader'),
(31, 'eth490', 'Jon Snow'),
(31, 'han75', 'Katniss'),
(31, 'cam123', 'fantôme'),
(31, 'els287', 'fée'),
(31, 'yar297', 'Maléfique'),
(31, 'ale404', 'lutin'),
(31, 'val196', 'alien'),
(31, 'pat484', 'chevalier'),
(31, 'lud111', 'James Bond'),
(31, 'joh120', 'ange'),
(31, 'sar460', 'alien'),
(31, 'mat254', 'Mère Noël'),
(31, 'hél452', 'alien'),
(31, 'pab71', 'Aragorn'),
(31, 'pét17', 'minion'),
(31, 'ben147', 'Han Solo'),
(31, 'ale36', 'chevalier'),
(31, 'gab435', 'Anna'),
(31, 'gré373', 'Aragorn'),
(31, 'gas215', 'citrouille'),
(31, 'pao417', 'Kylo Ren'),
(31, 'jea397', 'elfe'),
(31, 'rob326', 'Frodon'),
(31, 'jac247', 'Gandalf'),
(31, 'adr456', NULL),
(31, 'han116', 'alien'),
(31, 'ric143', 'ange'),
(32, 'meh487', 'elfe'),
(32, 'sév201', 'minion'),
(32, 'sop96', 'Aurore'),
(32, 'yve464', 'Mario'),
(32, 'tif97', 'sorcière'),
(32, 'ilh222', 'Han Solo'),
(32, 'viv19', 'chevalier'),
(32, 'jos141', 'Frodon'),
(32, 'sim492', 'citrouille'),
(32, 'oli289', 'épouvantail'),
(32, 'les332', 'Zelda'),
(32, 'sam491', 'Jon Snow'),
(32, 'ala88', 'Link'),
(32, 'nor214', 'ange'),
(32, 'cas438', 'Peach'),
(32, 'mam407', 'épouvantail'),
(32, 'tal14', 'Leia'),
(32, 'zor66', 'elfe'),
(33, 'ale127', NULL),
(33, 'tar365', NULL),
(33, 'bén449', 'zombie'),
(33, 'cyn334', 'zombie'),
(33, 'les332', 'zombie'),
(33, 'ber82', NULL),
(33, 'jor444', 'zombie'),
(33, 'pau102', 'zombie'),
(33, 'sar460', NULL),
(33, 'sam268', 'zombie'),
(33, 'urs451', 'zombie'),
(33, 'ell333', 'zombie'),
(33, 'chr290', 'zombie'),
(33, 'sim492', 'zombie'),
(33, 'yar297', 'zombie'),
(33, 'hél259', 'zombie'),
(33, 'odi403', 'zombie'),
(33, 'jac247', 'zombie'),
(33, 'sop422', 'zombie'),
(33, 'emm402', 'zombie'),
(33, 'moh104', 'zombie'),
(33, 'eme52', 'zombie'),
(33, 'cas438', 'zombie'),
(33, 'gui142', 'zombie'),
(33, 'thé9', 'zombie'),
(33, 'eve360', 'zombie'),
(33, 'zoé474', NULL),
(33, 'meh400', NULL),
(33, 'ant370', NULL),
(34, 'ton151', 'Jon Snow'),
(34, 'nor244', 'vampire'),
(34, 'moh104', 'Aragorn'),
(34, 'ber443', 'elfe'),
(34, 'pru416', 'épouvantail'),
(34, 'sté349', 'ange'),
(34, 'ber225', 'Darth Vader'),
(34, 'séb203', 'magicien'),
(34, 'gab435', NULL),
(34, 'maë202', 'Anna'),
(34, 'pab412', 'Aragorn'),
(34, 'chr61', 'Luke'),
(34, 'nor214', 'Link'),
(34, 'luc250', 'citrouille'),
(34, 'nao227', 'Katniss'),
(34, 'clé242', NULL),
(34, 'ger238', 'fantôme'),
(34, 'est12', 'fée'),
(34, 'flo165', 'Catwoman'),
(34, 'pau236', 'Clochette'),
(34, 'tho274', 'Superman'),
(34, 'hél452', 'Batgirl'),
(34, 'ala195', NULL),
(34, 'emm402', 'Aurore'),
(34, 'jér472', 'Link'),
(34, 'cor302', 'Darth Vader'),
(34, 'cam25', 'Aurore'),
(34, 'jea397', 'orc'),
(34, 'sam491', 'ninja'),
(34, 'pru256', 'fantôme'),
(34, 'pru85', 'fée'),
(34, 'gui2', 'citrouille'),
(34, 'rom39', 'Frankenstein'),
(34, 'ant370', 'James Bond'),
(34, 'jul84', 'chevalier'),
(34, 'léo458', 'Luke'),
(34, 'oma180', 'Spiderman'),
(34, 'léa101', 'fantôme'),
(34, 'jan343', 'Rey'),
(34, 'sté89', 'zombie'),
(34, 'han116', 'Clochette'),
(34, 'elé387', 'Aurore'),
(34, 'yve114', 'zombie'),
(34, 'sop422', 'Blanche Neige'),
(34, 'wal169', 'ninja'),
(34, 'rég481', 'Gandalf'),
(34, 'gré373', 'Link'),
(34, 'han377', 'magicien'),
(34, 'cél258', 'fée'),
(34, 'vin386', 'démon'),
(34, 'pau425', 'Kylo Ren'),
(34, 'flo173', 'Daenerys'),
(34, 'vin282', 'Frankenstein'),
(34, 'tim281', 'Gandalf'),
(34, 'rap45', 'alien'),
(34, 'dav150', 'Frankenstein'),
(34, 'tif252', 'zombie'),
(34, 'ale36', 'schtroumpf'),
(34, 'moh432', 'Han Solo'),
(34, 'elé166', 'Mère Noël'),
(34, 'eve360', 'Clochette'),
(34, 'tif414', 'Cendrillon'),
(34, 'aga57', 'vampire'),
(34, 'mar462', 'Maléfique'),
(34, 'gui142', 'Darth Vader'),
(34, 'cor430', 'ninja'),
(34, 'tal177', 'Mère Noël'),
(34, 'pét399', 'sorcière'),
(34, 'lam446', 'épouvantail'),
(34, 'elo479', 'schtroumpf'),
(34, 'ale56', 'Anna'),
(34, 'eme391', 'Jon Snow'),
(34, 'han75', 'Arwen'),
(34, 'rom410', 'Gandalf'),
(34, 'aur118', 'Han Solo'),
(34, 'pru385', 'Aurore'),
(34, 'ber82', 'Batman'),
(34, 'gab53', 'Anna'),
(34, 'wal309', 'Merlin'),
(34, 'eme411', 'elfe'),
(34, 'glo229', 'Mère Noël'),
(34, 'lei257', 'épouvantail'),
(34, 'aga406', 'alien'),
(34, 'aga273', 'Arwen'),
(34, 'ben81', 'Frodon'),
(34, 'dor390', 'Mère Noël'),
(34, 'ell398', 'épouvantail'),
(34, 'eme0', 'Spiderman'),
(34, 'pao417', 'Frodon'),
(34, 'ale404', 'ninja'),
(34, 'sté465', 'orc'),
(34, 'nic338', 'Link'),
(34, 'ant131', 'magicien'),
(34, 'les168', 'elfe'),
(34, 'ben147', 'vampire'),
(35, 'thé246', NULL),
(35, 'que183', 'Link'),
(35, 'gab435', 'Mère Noël'),
(35, 'pru85', 'Rey'),
(35, 'pru256', 'schtroumpf'),
(35, 'eve105', 'Rey'),
(35, 'ber455', 'Superman'),
(35, 'fra91', 'Spiderman'),
(35, 'hél77', 'lutin'),
(35, 'lud111', 'Han Solo'),
(35, 'thé188', 'ange'),
(35, 'aga406', 'Blanche Neige'),
(35, 'mat396', 'alien'),
(35, 'sam237', 'Han Solo'),
(35, 'cor302', 'minion'),
(35, 'hug190', 'Spiderman'),
(35, 'dom441', 'Luke'),
(35, 'nes62', 'sorcière'),
(35, 'arn55', 'magicien'),
(35, 'dia145', 'chevalier'),
(35, 'did158', 'vampire'),
(35, 'moh312', 'ninja'),
(35, 'eth490', 'chevalier'),
(35, 'irè63', 'Zelda'),
(35, 'rom410', 'alien'),
(35, 'sam268', 'Frankenstein'),
(35, 'ale489', 'Batman'),
(35, 'ren468', 'schtroumpf'),
(35, 'pao417', 'Han Solo'),
(35, 'ala427', NULL),
(35, 'lam446', 'Merlin'),
(35, 'maë202', NULL),
(35, 'ber184', 'minion'),
(35, 'meh119', 'fantôme'),
(35, 'chr61', 'démon'),
(35, 'pru86', 'Blanche Neige'),
(35, 'suz138', 'Anna'),
(35, 'dyl337', 'chevalier'),
(35, 'gui22', 'Mario'),
(35, 'oli103', 'ninja'),
(35, 'ber443', 'Superman'),
(35, 'rod194', 'Darth Vader'),
(35, 'léo458', 'Frodon'),
(35, 'hen132', 'Frodon'),
(35, 'céc144', 'ange'),
(35, 'lud160', 'Frodon'),
(35, 'tar365', 'Batgirl'),
(35, 'viv189', 'citrouille'),
(35, 'nor255', 'Batman'),
(35, 'flo87', 'Peach'),
(35, 'jul478', 'Arwen'),
(35, 'ste209', 'minion'),
(35, 'jac466', 'Luke'),
(35, 'eli3', NULL),
(35, 'man355', 'chevalier'),
(35, 'bén212', 'fée'),
(35, 'cha157', 'magicien'),
(35, 'amé204', 'Arwen'),
(35, 'vin386', 'vampire'),
(35, 'den232', NULL),
(35, 'nor244', 'citrouille'),
(35, 'rég481', 'Frankenstein'),
(35, 'mam293', 'fantôme'),
(35, 'vir34', 'James Bond'),
(35, 'pru382', 'vampire'),
(35, 'rég28', 'Luke'),
(35, 'yas280', 'Aurore'),
(35, 'ale127', 'Clochette'),
(35, 'tho11', 'ange'),
(35, 'luc250', 'Clochette'),
(35, 'les332', 'sirène'),
(35, 'viv129', 'James Bond'),
(35, 'did175', 'Jon Snow'),
(35, 'arm73', 'fantôme'),
(35, 'vér72', 'Katniss'),
(35, 'emi304', 'Zelda'),
(35, 'odi403', 'Maléfique'),
(35, 'man359', 'Cendrillon'),
(35, 'est459', 'alien'),
(35, 'cha306', 'Père Noël'),
(35, 'ili216', 'ange'),
(35, 'cha447', 'elfe'),
(35, 'sté89', 'Frankenstein'),
(35, 'alp264', 'lutin'),
(35, 'lou277', 'lutin'),
(35, 'eme391', 'Frodon'),
(35, 'vér240', 'Katniss'),
(35, 'dav316', 'Frodon'),
(35, 'vic92', NULL),
(35, 'den20', 'ninja'),
(35, 'gin46', 'Arwen'),
(35, 'lou346', 'Arwen'),
(35, 'xav83', 'Père Noël'),
(35, 'ant131', 'Père Noël'),
(35, 'sév201', 'fantôme'),
(35, 'ale404', 'minion'),
(35, 'hub185', 'schtroumpf'),
(35, 'gré373', 'Spiderman'),
(35, 'jea18', 'chevalier'),
(35, 'syl393', 'magicien'),
(35, 'pru494', 'Clochette'),
(35, 'pat450', 'James Bond'),
(35, 'cél167', 'sirène'),
(35, 'hug485', 'Merlin'),
(35, 'vir47', 'Cendrillon'),
(35, 'viv19', 'fantôme'),
(35, 'tho274', 'schtroumpf'),
(35, 'ibr130', 'ninja'),
(35, 'chr163', NULL),
(35, 'eli381', 'ninja'),
(35, 'est12', 'zombie'),
(35, 'mic6', 'elfe'),
(35, 'céc348', 'Zelda'),
(35, 'lei325', 'ange'),
(35, 'moh432', 'James Bond'),
(35, 'tho310', 'Père Noël'),
(35, 'amé424', NULL),
(36, 'sop96', 'Daenerys'),
(36, 'cha243', 'lutin'),
(36, 'emm402', 'zombie'),
(36, 'tif252', 'citrouille'),
(36, 'elé387', 'zombie'),
(36, 'nor255', 'Gandalf'),
(36, 'wal205', 'Han Solo'),
(36, 'vér240', 'vampire'),
(36, 'hec493', 'ange'),
(36, 'ala427', 'alien'),
(37, 'pru112', 'Arwen'),
(37, 'jos141', 'James Bond'),
(37, 'mat254', 'vampire'),
(37, 'cha306', 'vampire'),
(37, 'ili216', 'démon'),
(37, 'pie431', NULL),
(37, 'col125', 'épouvantail'),
(37, 'sam285', 'Père Noël'),
(37, 'dom445', 'Aragorn'),
(37, 'lud419', 'Jon Snow'),
(37, 'ste209', 'Luke'),
(37, 'cél167', 'Mère Noël'),
(37, 'eve105', 'vampire'),
(37, 'eme391', 'démon'),
(37, 'ele90', 'Aurore'),
(37, 'ala172', 'lutin'),
(37, 'hél77', 'Cendrillon'),
(37, 'col10', 'Mère Noël'),
(37, 'yas149', 'Zelda'),
(37, 'est437', 'fantôme'),
(37, 'van426', 'ninja'),
(37, 'ond475', 'minion'),
(37, 'wal169', 'orc'),
(37, 'els287', 'Katniss'),
(37, 'vér240', 'ange'),
(37, 'ais108', 'Elsa'),
(37, 'tif97', 'Batgirl'),
(37, 'val196', 'lutin'),
(37, 'lei257', 'vampire'),
(37, 'chr245', NULL),
(37, 'vir440', 'Merlin'),
(37, 'ala88', 'chevalier'),
(37, 'fél308', 'orc'),
(37, 'flo15', 'Frankenstein'),
(37, 'pas29', 'citrouille'),
(37, 'chl433', 'fantôme'),
(37, 'iph219', 'Zelda'),
(37, 'fab181', NULL),
(37, 'cas438', 'épouvantail'),
(37, 'ber443', 'schtroumpf'),
(37, 'dav316', 'épouvantail'),
(37, 'mar186', 'elfe'),
(37, 'les176', 'ninja'),
(37, 'chr61', 'Mario'),
(37, 'thé9', 'schtroumpf'),
(37, 'sam237', 'Gandalf'),
(37, 'elé166', 'zombie'),
(37, 'den20', 'Cendrillon'),
(37, 'bri124', NULL),
(37, 'pas40', 'schtroumpf'),
(37, 'lau389', 'magicien'),
(37, 'jac466', 'magicien'),
(37, 'aur320', 'Peach'),
(37, 'cor126', 'Peach'),
(37, 'rod194', 'Aragorn'),
(37, 'geh300', 'Katniss'),
(37, 'luc364', 'Mère Noël'),
(37, 'wil140', 'épouvantail'),
(37, 'han75', 'Clochette'),
(37, 'océ249', 'minion'),
(37, 'sar482', 'fée'),
(37, 'vir362', 'Batman'),
(37, 'gin46', 'démon'),
(37, 'sté457', 'minion'),
(37, 'pét17', 'sorcière'),
(37, 'viv19', 'Aragorn'),
(37, 'pru416', 'sirène'),
(37, 'adr351', 'ange'),
(38, 'aur118', 'alien'),
(38, 'dim270', 'alien'),
(38, 'wen265', 'Clochette'),
(38, 'cor275', 'zombie'),
(38, 'han75', 'Elsa'),
(38, 'cam25', 'Rey'),
(38, 'sam27', 'démon'),
(38, 'ste263', 'Jon Snow'),
(38, 'san324', 'schtroumpf'),
(38, 'jea218', 'Darth Vader'),
(38, 'adr351', 'Batman'),
(38, 'ann384', 'elfe'),
(38, 'rob326', 'James Bond'),
(38, 'adr48', 'Mario'),
(38, 'ant370', 'magicien'),
(38, 'hél357', 'sirène'),
(38, 'mar340', 'Blanche Neige'),
(38, 'thé188', NULL),
(38, 'pén497', 'ange'),
(38, 'mar148', 'ange'),
(38, 'eve32', 'alien'),
(38, 'fél308', 'ninja'),
(38, 'adè267', 'zombie'),
(38, 'han377', 'ninja'),
(38, 'cam123', 'Père Noël'),
(38, 'pru385', 'Batgirl'),
(38, 'zor66', 'Blanche Neige'),
(38, 'vér363', 'fantôme'),
(38, 'chr290', 'ange'),
(38, 'meh291', 'ninja'),
(38, 'mic6', 'Han Solo'),
(38, 'pru86', 'citrouille'),
(38, 'gin323', 'Anna'),
(38, 'bla109', 'démon'),
(38, 'hél259', 'Daenerys'),
(38, 'pru42', 'fantôme'),
(38, 'mar186', 'Daenerys'),
(38, 'lou496', 'lutin'),
(38, 'val196', 'James Bond'),
(38, 'gaë156', 'Mère Noël'),
(38, 'rég28', 'Spiderman'),
(38, 'mau388', 'fée'),
(39, 'rom410', 'chevalier'),
(39, 'rob423', 'lutin'),
(39, 'jac466', 'ange'),
(39, 'mar340', 'lutin'),
(39, 'sté187', 'Catwoman'),
(39, 'val228', 'magicien'),
(39, 'vir34', 'schtroumpf'),
(39, 'jea218', 'James Bond'),
(39, 'flo165', 'elfe'),
(39, 'oct467', 'James Bond'),
(39, 'yve464', 'Frodon'),
(39, 'ber78', 'Batman'),
(39, 'pao271', 'Batman'),
(39, 'cél258', 'Daenerys'),
(39, 'cor448', 'elfe'),
(39, 'pét399', 'Maléfique'),
(39, 'ber58', 'elfe'),
(39, 'cor126', 'magicien'),
(39, 'dav220', 'démon'),
(39, 'rob326', 'Mario'),
(39, 'adr351', 'magicien'),
(39, 'moh104', 'Père Noël'),
(39, 'rod341', 'Luke'),
(39, 'fré164', 'alien'),
(39, 'cor430', 'citrouille'),
(39, 'bén449', 'chevalier'),
(39, 'luc200', 'Elsa'),
(40, 'ber184', 'Cendrillon'),
(40, 'les332', 'zombie'),
(40, 'rég28', 'démon'),
(40, 'val276', 'Blanche Neige'),
(40, 'nao227', 'ange'),
(40, 'cas438', 'Leia'),
(40, 'lud160', 'Batman'),
(40, 'urs451', 'fantôme'),
(40, 'axe392', 'Frankenstein'),
(40, 'mel121', 'épouvantail'),
(40, 'léa329', 'Cendrillon'),
(40, 'rom39', 'Gandalf'),
(40, 'céc348', 'Leia'),
(40, 'tal14', 'ninja'),
(40, 'cél258', 'Cendrillon'),
(40, 'lau389', 'citrouille'),
(41, 'luc250', 'Anna'),
(41, 'ais108', 'fée'),
(41, 'jor444', 'Jon Snow'),
(41, 'gui22', 'ange'),
(41, 'pru494', 'magicien'),
(41, 'mic68', 'Mère Noël'),
(41, 'séb203', 'Père Noël'),
(41, 'cha243', 'James Bond'),
(41, 'ala318', 'Merlin'),
(41, 'nol198', 'Batgirl'),
(41, 'jan336', 'Batgirl'),
(41, 'jea397', 'chevalier'),
(41, 'dom122', 'Merlin'),
(41, 'léo458', 'Kylo Ren'),
(41, 'chr163', 'Frankenstein'),
(41, 'jan343', 'schtroumpf'),
(41, 'jea18', 'Batman'),
(41, 'eme411', 'Aragorn'),
(41, 'eri420', 'schtroumpf'),
(41, 'san442', 'magicien'),
(41, 'emm233', 'épouvantail'),
(41, 'rég28', 'alien'),
(41, 'val100', 'zombie'),
(41, 'nes62', 'Rey'),
(41, 'ell469', 'chevalier'),
(41, 'ant331', 'Batman'),
(41, 'arm73', NULL),
(41, 'ele272', 'fée'),
(41, 'mar135', 'Mère Noël'),
(41, 'lau389', 'Clochette'),
(41, 'ham170', 'orc'),
(41, 'iph64', 'Aurore'),
(41, 'sop422', 'démon'),
(41, 'est5', 'lutin'),
(41, 'nie354', 'Darth Vader'),
(41, 'chr290', 'Cendrillon'),
(41, 'fab366', 'Père Noël'),
(41, 'mat296', 'Han Solo'),
(41, 'tar365', 'Catwoman'),
(41, 'fab37', 'schtroumpf'),
(41, 'mat223', 'Aurore'),
(41, 'ton248', 'James Bond'),
(41, 'joc213', 'Père Noël'),
(41, 'pru256', 'Cendrillon'),
(41, 'ann384', 'ange'),
(41, 'cas438', 'Catwoman'),
(41, 'bén449', 'épouvantail'),
(41, 'zor66', 'sorcière'),
(41, 'clé242', 'magicien'),
(41, 'ala195', 'vampire'),
(41, 'jac247', 'schtroumpf'),
(41, 'fra91', 'citrouille'),
(41, 'tho11', 'Merlin'),
(41, 'sté457', 'Jon Snow'),
(41, 'vir47', 'Aurore'),
(41, 'hen146', 'démon'),
(41, 'chr7', 'zombie'),
(41, 'joh154', 'démon'),
(41, 'thé283', 'Batgirl'),
(41, 'ric143', 'James Bond'),
(41, 'flo31', 'démon'),
(41, 'ond475', 'zombie'),
(41, 'val276', 'alien'),
(41, 'rom171', 'démon'),
(41, 'mam293', 'Han Solo'),
(41, 'vir34', 'chevalier'),
(41, 'ren468', 'épouvantail'),
(41, 'hél452', 'Zelda'),
(41, 'vér72', 'ange'),
(41, 'elé387', NULL),
(41, 'hec493', 'Darth Vader'),
(42, 'oct1', 'Gandalf'),
(42, 'nes62', 'Leia'),
(42, 'lei421', 'Aurore'),
(42, 'tho11', 'Han Solo'),
(42, 'bla380', 'lutin'),
(42, 'est459', 'Catwoman'),
(42, 'mar148', 'elfe'),
(43, 'zel8', NULL),
(43, 'zoé474', 'Maléfique'),
(43, 'eme411', 'Link'),
(43, 'ger238', 'James Bond'),
(43, 'flo165', 'Arwen'),
(43, 'gin24', 'citrouille'),
(43, 'and499', 'zombie'),
(43, 'ale65', 'zombie'),
(43, 'xav107', 'alien'),
(43, 'ton248', 'Frankenstein'),
(43, 'dom43', 'Leia'),
(43, 'fré317', 'schtroumpf'),
(43, 'did4', 'vampire'),
(43, 'vér240', 'chevalier'),
(43, 'val276', 'Daenerys'),
(43, 'eli3', 'minion'),
(43, 'lei325', 'Elsa'),
(43, 'con315', 'Cendrillon'),
(43, 'fab38', 'citrouille'),
(43, 'aur118', 'Aragorn'),
(43, 'océ249', 'zombie'),
(43, 'moh432', NULL),
(43, 'sév201', 'magicien'),
(43, 'oct467', 'Batman'),
(43, 'joh154', 'orc'),
(43, 'bén192', 'elfe'),
(43, 'glo224', 'fée'),
(43, 'ant131', 'Spiderman'),
(43, 'eve360', 'vampire'),
(43, 'elé166', 'Rey'),
(43, 'sar482', 'Elsa'),
(43, 'lam446', 'schtroumpf'),
(43, 'dom441', 'Superman'),
(43, 'ais108', 'Catwoman'),
(43, 'dap353', 'elfe'),
(43, 'ilh222', 'Mario'),
(43, 'emm402', 'Maléfique'),
(43, 'hub185', 'Jon Snow'),
(43, 'dom445', 'minion'),
(43, 'céc348', 'Katniss'),
(43, 'pab412', 'citrouille'),
(43, 'jor444', 'ange'),
(43, 'man359', 'lutin'),
(43, 'flo87', 'lutin'),
(43, 'han75', 'Cendrillon'),
(43, 'jul478', 'Leia'),
(43, 'vin282', 'Père Noël'),
(43, 'viv189', 'Frankenstein'),
(43, 'uly16', 'épouvantail'),
(43, 'rob423', 'Mario'),
(43, 'tar365', 'schtroumpf'),
(43, 'mar148', 'fée'),
(43, 'cha157', 'magicien'),
(43, 'sam394', 'Frodon'),
(43, 'geh322', 'Peach'),
(43, 'nor255', 'ange'),
(43, 'joh120', 'elfe'),
(43, 'lau389', 'Leia'),
(43, 'pru239', 'minion'),
(43, 'zoé134', 'épouvantail'),
(43, 'luc364', 'Elsa'),
(43, 'fra429', NULL),
(43, 'léo358', 'schtroumpf'),
(43, 'pau425', 'Darth Vader'),
(43, 'vic92', 'Cendrillon'),
(44, 'aga57', 'zombie'),
(44, 'hug128', 'Frodon'),
(44, 'ell398', 'citrouille'),
(44, 'hug190', 'Batman'),
(44, 'thé342', 'Gandalf'),
(44, 'sté89', 'chevalier'),
(44, 'chr7', 'alien'),
(44, 'arm73', 'zombie'),
(44, 'ham170', 'Frodon'),
(44, 'hub185', 'alien'),
(44, 'vir362', 'Kylo Ren'),
(44, 'adè267', 'Catwoman'),
(44, 'pie339', 'Mario'),
(44, 'luc200', 'Catwoman'),
(44, 'aur118', 'démon'),
(44, 'uly16', NULL),
(44, 'gin251', 'elfe'),
(44, 'xav107', 'Frodon'),
(44, 'meh291', 'Batman'),
(44, 'van426', 'zombie'),
(44, 'luc250', 'minion'),
(44, 'pru113', 'Anna'),
(44, 'mic6', 'orc'),
(44, 'eme0', NULL),
(44, 'ele350', 'Aurore'),
(44, 'ber184', 'zombie'),
(44, 'léo358', 'Superman'),
(44, 'vir47', 'Blanche Neige'),
(44, 'aga314', 'Elsa'),
(44, 'pau425', NULL),
(44, 'emi304', 'Daenerys'),
(44, 'clé242', 'ninja'),
(44, 'irè63', 'Mère Noël'),
(44, 'zel8', 'Maléfique'),
(44, 'vér72', 'Mère Noël'),
(44, 'lou277', 'fée'),
(44, 'did175', 'démon'),
(45, 'hen253', 'citrouille'),
(45, 'vir362', 'Aragorn'),
(45, 'jac247', 'zombie'),
(45, 'lam161', 'Batman'),
(45, 'céc348', 'citrouille'),
(45, 'maë202', NULL),
(45, 'léa101', 'Daenerys'),
(45, 'pau102', 'Elsa'),
(45, 'did158', 'Spiderman'),
(45, 'sté349', 'magicien'),
(45, 'mat223', 'elfe'),
(45, 'pru85', 'zombie'),
(45, 'ell333', 'Gandalf'),
(45, 'nie486', 'fantôme'),
(45, 'iph64', 'ange'),
(45, 'pie431', 'chevalier'),
(45, 'odi403', NULL),
(45, 'pru256', 'citrouille'),
(45, 'ant331', NULL),
(45, 'flo173', 'Cendrillon'),
(45, 'yar297', 'Batgirl'),
(45, 'cha41', 'ninja'),
(45, 'océ321', 'épouvantail'),
(45, 'ric143', 'schtroumpf'),
(45, 'emm379', 'Frankenstein'),
(45, 'jea397', 'orc'),
(45, 'léo409', 'schtroumpf'),
(45, 'ste209', 'Luke'),
(45, 'zel26', 'épouvantail'),
(45, 'han116', 'épouvantail'),
(45, 'mar148', 'chevalier'),
(45, 'sar307', 'chevalier'),
(45, 'meh408', 'Luke'),
(45, 'ala427', 'Batman'),
(45, 'ele350', 'Clochette'),
(45, 'joa49', 'Daenerys'),
(45, 'nao227', 'épouvantail'),
(45, 'eme52', 'démon'),
(45, 'aur118', 'Merlin'),
(45, 'hug128', 'Kylo Ren'),
(45, 'vio23', 'citrouille'),
(45, 'cor139', 'ninja'),
(45, 'hen454', 'Maléfique'),
(45, 'han75', 'vampire'),
(45, 'ber225', 'minion'),
(45, 'yas59', 'Katniss'),
(45, 'thé191', 'Frodon'),
(45, 'man355', 'alien'),
(45, 'jea18', NULL),
(45, 'zoé76', 'Zelda'),
(45, 'dav220', 'épouvantail'),
(45, 'joh154', 'Jon Snow'),
(45, 'tal14', 'schtroumpf'),
(45, 'jea218', 'Spiderman'),
(45, 'geh99', 'ange'),
(45, 'les176', 'Daenerys'),
(45, 'flo50', 'chevalier'),
(45, 'thé283', 'Maléfique'),
(45, 'tho310', 'citrouille'),
(45, 'sam237', 'vampire'),
(45, 'moh312', 'Luke'),
(45, 'isa303', NULL),
(45, 'adè267', 'fantôme'),
(45, 'bla380', 'ninja'),
(45, 'syl393', 'Blanche Neige'),
(45, 'tif252', 'Clochette'),
(45, 'zel8', 'minion'),
(45, 'cas438', 'Peach'),
(45, 'mel121', 'fantôme'),
(45, 'ili216', 'alien'),
(45, 'zac298', 'citrouille'),
(45, 'oct98', 'Mario'),
(45, 'san324', 'elfe'),
(45, 'gab13', 'orc'),
(45, 'emm402', 'démon'),
(45, 'pab313', NULL),
(45, 'gab53', 'Blanche Neige'),
(45, 'hug485', 'citrouille'),
(45, 'pat484', 'alien'),
(45, 'tan294', 'Catwoman'),
(45, 'vin282', 'fantôme'),
(45, 'lau305', 'Cendrillon'),
(45, 'rom171', 'minion'),
(45, 'lau389', 'Mère Noël'),
(45, 'dim270', 'fantôme'),
(45, 'mic68', 'alien'),
(45, 'dom441', 'Link'),
(45, 'eve32', 'Arwen'),
(45, 'sté182', 'Arwen'),
(45, 'wal205', 'orc'),
(45, 'mam407', 'démon'),
(45, 'hél77', 'Anna'),
(45, 'ama279', 'schtroumpf'),
(45, 'ala195', 'minion'),
(45, 'pét17', 'Zelda'),
(45, 'jul356', 'Daenerys'),
(45, 'sim330', 'ange'),
(45, 'mic6', 'Père Noël'),
(45, 'lou413', 'démon'),
(45, 'edo284', 'schtroumpf'),
(45, 'ben147', 'Jon Snow'),
(45, 'sam491', 'lutin'),
(46, 'vir47', 'sorcière'),
(46, 'adr48', 'orc'),
(46, 'rom171', 'Daenerys'),
(46, 'dim270', 'lutin'),
(46, 'gin46', 'Leia'),
(46, 'céd301', 'ange'),
(46, 'nor244', 'Batman'),
(46, 'fau207', 'Catwoman'),
(46, 'san295', NULL),
(46, 'mat254', 'Arwen'),
(46, 'bla380', 'Zelda'),
(46, 'meh400', 'chevalier'),
(46, 'que115', 'vampire'),
(46, 'lam446', 'orc'),
(46, 'joa49', 'Catwoman'),
(46, 'dap353', 'magicien'),
(46, 'pru385', 'épouvantail'),
(46, 'flo31', 'Spiderman'),
(46, 'nie354', 'lutin'),
(46, 'ele272', 'Maléfique'),
(46, 'alp264', 'Han Solo'),
(46, 'cam25', 'Cendrillon'),
(46, 'oct467', 'ange'),
(46, 'tar21', 'démon'),
(46, 'nao227', 'Katniss'),
(46, 'dav150', 'Han Solo'),
(46, 'fré164', 'Mario'),
(46, 'pao271', 'épouvantail'),
(46, 'vin282', 'Batman'),
(46, 'tif97', 'Arwen'),
(46, 'est459', 'vampire'),
(46, 'chr7', 'Katniss'),
(46, 'cor262', 'Aurore'),
(46, 'nes62', 'Aurore'),
(46, 'mar186', 'ange'),
(46, 'wil335', 'Rey'),
(46, 'ton248', 'Jon Snow'),
(46, 'gin323', 'Blanche Neige'),
(46, 'ale56', 'Aurore'),
(46, 'pat376', 'Mario'),
(46, 'lud111', 'Père Noël'),
(46, 'phi476', 'épouvantail'),
(46, 'tal177', 'Arwen'),
(46, 'reb162', 'Maléfique'),
(46, 'eme52', 'alien'),
(46, 'loï361', 'Frankenstein'),
(46, 'hug190', 'Gandalf'),
(46, 'mar340', 'Katniss'),
(46, 'sté187', 'Clochette'),
(46, 'ale489', 'ange'),
(46, 'sar482', 'Cendrillon'),
(46, 'lou413', 'alien'),
(46, 'mic6', 'Han Solo'),
(46, 'océ321', 'Aurore'),
(46, 'moh312', 'Frankenstein'),
(46, 'cas438', 'Aurore'),
(46, 'ell469', 'chevalier'),
(46, 'vir34', 'alien'),
(46, 'con133', 'Arwen'),
(46, 'pab313', 'épouvantail'),
(46, 'bén212', 'Blanche Neige'),
(46, 'léo358', NULL),
(46, 'san344', 'Daenerys'),
(46, 'viv129', 'schtroumpf'),
(46, 'sté210', 'James Bond'),
(46, 'eve32', 'Aurore'),
(46, 'emm379', 'alien'),
(46, 'ale36', 'alien'),
(46, 'maë202', 'sirène'),
(46, 'ari110', 'Leia'),
(46, 'mat79', 'vampire'),
(46, 'adr456', 'Spiderman'),
(46, 'dia145', 'alien'),
(46, 'céc348', 'sirène'),
(46, 'hug128', 'Aragorn'),
(46, 'ste263', 'Link'),
(46, 'mic68', 'sorcière'),
(46, 'pau102', 'Aurore'),
(46, 'ala195', 'ange'),
(46, 'meh286', 'épouvantail'),
(46, 'uly16', 'schtroumpf'),
(46, 'gab13', 'Kylo Ren'),
(46, 'sim330', 'ninja'),
(46, 'est437', 'elfe'),
(46, 'eve360', 'alien'),
(46, 'val276', 'Daenerys'),
(46, 'jea428', 'vampire'),
(46, 'jul356', 'Mère Noël'),
(46, 'zel26', 'Anna'),
(46, 'vir362', 'Père Noël'),
(46, 'hen221', 'lutin'),
(46, 'est5', 'Anna'),
(46, 'ste209', 'ninja'),
(46, 'col125', 'citrouille'),
(46, 'amé424', 'chevalier'),
(46, 'clé345', 'elfe'),
(46, 'jan336', 'fantôme'),
(46, 'fra429', 'Frodon'),
(46, 'hub375', 'Aragorn'),
(46, 'mam407', 'Luke'),
(46, 'lei325', 'alien'),
(47, 'jea152', 'Batman'),
(47, 'jér472', 'démon'),
(47, 'fré164', 'Batman'),
(47, 'dap353', 'chevalier'),
(47, 'emm379', 'Kylo Ren'),
(47, 'maë202', 'Daenerys'),
(47, 'cas495', 'Clochette'),
(47, 'fra429', 'Aragorn'),
(47, 'val276', 'vampire'),
(47, 'bla380', 'Catwoman'),
(47, 'geh99', 'sorcière'),
(47, 'nor255', 'Han Solo'),
(47, 'pab71', 'Superman'),
(47, 'oli372', 'alien'),
(47, 'yve464', 'Batman'),
(47, 'syl347', 'démon'),
(47, 'adr351', 'schtroumpf'),
(47, 'tif252', 'sorcière'),
(47, 'ber184', 'vampire'),
(47, 'sop96', 'Leia'),
(47, 'mam293', 'Link'),
(47, 'eve32', 'épouvantail'),
(47, 'dia145', 'magicien'),
(47, 'cam123', 'minion'),
(47, 'ala427', 'épouvantail'),
(47, 'ari110', 'Peach'),
(47, 'gin251', 'Cendrillon'),
(47, 'adr456', 'alien'),
(47, 'moh44', 'fantôme'),
(47, 'joa49', 'Elsa'),
(47, 'geh322', 'schtroumpf'),
(47, 'les176', 'ninja'),
(47, 'hen132', 'Kylo Ren'),
(47, 'val196', 'Père Noël'),
(47, 'chl433', 'Katniss'),
(47, 'zor66', 'fantôme'),
(47, 'ele90', 'minion'),
(47, 'hec418', 'schtroumpf'),
(47, 'lau292', 'Batgirl'),
(47, 'mar135', 'Cendrillon'),
(47, 'edo284', 'Han Solo'),
(47, 'jor444', 'ange'),
(47, 'oli289', 'vampire'),
(47, 'wil367', 'vampire'),
(47, 'nat352', 'Zelda'),
(47, 'sté349', 'Leia'),
(47, 'vir34', 'ange'),
(47, 'lei257', 'Rey'),
(47, 'dom445', 'épouvantail'),
(47, 'gab435', 'sirène'),
(47, 'vic217', 'citrouille'),
(47, 'eme0', 'Han Solo'),
(47, 'bén449', 'citrouille'),
(47, 'sam268', 'vampire'),
(47, 'léa101', 'vampire'),
(47, 'ton231', NULL),
(47, 'tim281', 'orc'),
(47, 'cor139', 'Katniss'),
(47, 'pao271', 'zombie'),
(47, 'les332', 'sirène'),
(47, 'ama279', 'épouvantail'),
(47, 'aga314', 'schtroumpf'),
(47, 'mar186', 'elfe'),
(47, 'vér72', 'Leia'),
(47, 'ond475', NULL),
(47, 'mic137', 'magicien'),
(47, 'cam25', 'sorcière'),
(47, 'ale56', 'sorcière'),
(47, 'zoé134', 'Cendrillon'),
(47, 'rod341', 'Frankenstein'),
(47, 'bla471', 'Arwen'),
(47, 'ari226', 'sirène'),
(47, 'sar460', 'épouvantail'),
(47, 'uly16', 'Aragorn'),
(47, 'pie339', 'Link'),
(47, 'geh300', 'sirène'),
(47, 'dav220', 'Link'),
(47, 'han75', 'fantôme'),
(47, 'eve360', 'ange'),
(47, 'hug128', 'Frankenstein'),
(47, 'cor448', 'épouvantail'),
(47, 'bla109', 'vampire'),
(47, 'con315', 'Batgirl'),
(47, 'mat254', 'chevalier'),
(47, 'aga273', NULL),
(47, 'eth490', 'alien'),
(47, 'con133', 'ange'),
(47, 'ibr130', 'Batman'),
(47, 'san295', 'Maléfique'),
(47, 'ali193', 'fantôme'),
(47, 'céc144', 'vampire'),
(47, 'hug485', 'lutin'),
(47, 'cha178', 'ange'),
(47, 'flo33', 'alien'),
(47, 'val100', 'vampire'),
(47, 'gui2', 'Frankenstein'),
(47, 'sté477', 'fantôme'),
(47, 'vér363', 'sirène'),
(47, 'viv189', 'Han Solo'),
(47, 'adr401', 'zombie'),
(47, 'jul356', 'démon'),
(47, 'jea415', 'ange'),
(47, 'ant331', 'Darth Vader'),
(47, 'flo15', 'Mario'),
(47, 'pru113', 'Anna'),
(48, 'meh174', 'zombie'),
(48, 'ber58', 'sirène'),
(48, 'fré317', 'Mario'),
(48, 'nie486', 'Mario'),
(48, 'meh286', 'fantôme'),
(48, 'tal177', 'Leia'),
(48, 'pét399', 'Elsa'),
(48, 'rom410', 'Link'),
(48, 'gas215', 'James Bond'),
(48, 'dam463', 'Batman'),
(48, 'hél357', 'fantôme'),
(48, 'sté182', 'Elsa'),
(48, 'gab13', 'elfe'),
(48, 'ber78', 'Link'),
(48, 'thé188', 'Elsa'),
(48, 'léo358', 'fantôme'),
(48, 'yas319', 'elfe'),
(48, 'rap436', 'démon'),
(48, 'pét17', 'schtroumpf'),
(48, 'yas59', 'chevalier'),
(48, 'vic217', 'Katniss'),
(48, 'céd159', 'Gandalf'),
(48, 'vir47', 'Maléfique'),
(48, 'elo479', 'Peach'),
(48, 'ant131', 'Jon Snow'),
(49, 'ger238', 'Mario'),
(49, 'han75', NULL),
(49, 'dav220', 'Superman'),
(49, 'sim492', 'citrouille'),
(49, 'arn55', 'Frankenstein'),
(49, 'ilh222', 'Link'),
(49, 'mar148', 'minion'),
(49, 'moh432', 'lutin'),
(49, 'fré164', 'Frodon'),
(49, 'les176', 'Clochette'),
(49, 'ala318', 'zombie'),
(49, 'que183', 'zombie'),
(49, 'ber82', 'Superman'),
(49, 'emm379', 'Jon Snow'),
(49, 'wal309', 'fantôme'),
(49, 'tal177', 'Rey'),
(49, 'iph219', 'elfe'),
(49, 'zoé474', 'Rey'),
(49, 'jea415', 'fantôme'),
(49, 'rod194', 'Spiderman'),
(49, 'maë202', 'elfe'),
(49, 'aga406', 'minion'),
(49, 'pau102', 'minion'),
(49, 'jea453', 'minion'),
(49, 'pat299', 'Frankenstein'),
(49, 'ann117', 'Aurore'),
(49, 'fab37', 'Frankenstein'),
(49, 'sam285', 'Superman'),
(49, 'pab412', 'alien'),
(49, 'sim330', 'orc'),
(49, 'pén497', NULL),
(49, 'lou346', 'Clochette'),
(49, 'syl393', 'Mère Noël'),
(49, 'pru85', 'sorcière'),
(49, 'amé204', 'sorcière'),
(49, 'gaë156', 'épouvantail'),
(49, 'léa329', 'chevalier'),
(49, 'zel8', 'Arwen'),
(49, 'pie431', 'Aragorn'),
(49, 'rod341', 'zombie'),
(49, 'hél77', 'démon'),
(49, 'rég481', 'schtroumpf'),
(49, 'vin386', NULL),
(49, 'ale404', 'elfe'),
(49, 'flo269', 'chevalier'),
(49, 'gui142', 'minion'),
(49, 'lou413', 'Link'),
(49, 'cor275', 'Zelda'),
(49, 'joh120', 'James Bond'),
(49, 'cha306', 'Frodon'),
(49, 'aur118', 'Kylo Ren'),
(49, 'chr94', 'Batgirl'),
(49, 'glo224', 'Elsa'),
(49, 'adr401', 'Batman'),
(49, 'cam123', NULL),
(49, 'cas438', 'Peach'),
(49, 'eme52', 'magicien'),
(49, 'cor93', 'alien'),
(49, 'pat484', 'chevalier'),
(49, 'hec493', 'Darth Vader'),
(49, 'rap436', 'Merlin'),
(49, 'pru42', 'minion'),
(49, 'bru230', 'ninja'),
(49, 'vér72', 'Elsa'),
(49, 'van426', 'magicien'),
(49, 'jul84', 'alien'),
(49, 'pau425', 'démon'),
(49, 'dav316', 'minion'),
(49, 'fél308', 'ninja'),
(49, 'chr245', 'James Bond'),
(49, 'tif97', 'Aurore'),
(49, 'lud111', 'minion'),
(49, 'tim281', 'citrouille'),
(49, 'vic217', 'Blanche Neige'),
(49, 'dyl337', 'fantôme'),
(49, 'hug51', 'démon'),
(49, 'luc200', 'minion'),
(50, 'mat223', 'démon'),
(50, 'lei421', 'Katniss'),
(50, 'lou277', 'Arwen'),
(50, 'mam54', 'fantôme'),
(50, 'yas319', 'magicien'),
(50, 'eve32', 'Mère Noël'),
(50, 'cyn334', 'Zelda'),
(50, 'ell469', 'Spiderman'),
(50, 'jea18', 'Spiderman'),
(50, 'hél77', 'Maléfique'),
(50, 'maë202', 'vampire'),
(50, 'cha41', 'alien'),
(50, 'eth490', 'Jon Snow'),
(50, 'flo87', 'Leia'),
(50, 'ele272', 'Anna'),
(50, 'ele350', 'épouvantail'),
(50, 'mar340', 'Cendrillon'),
(50, 'est437', 'Daenerys'),
(50, 'pru239', 'Peach'),
(50, 'mat296', 'Mario'),
(50, 'fél308', 'Spiderman'),
(50, 'nor244', 'Père Noël'),
(50, 'cha157', NULL),
(50, 'con133', 'Anna'),
(51, 'ber184', 'Peach'),
(51, 'que183', 'Kylo Ren'),
(51, 'pab313', 'orc'),
(51, 'eme52', 'Frodon'),
(51, 'clé345', 'Batgirl'),
(51, 'jea208', 'Frodon'),
(51, 'val100', 'Blanche Neige'),
(51, 'mic68', 'ninja'),
(51, 'jea415', 'schtroumpf'),
(51, 'pét399', NULL),
(51, 'mau388', 'Peach'),
(51, 'cor430', 'Elsa'),
(51, 'nie354', 'schtroumpf'),
(51, 'ren383', 'Superman'),
(51, 'gui2', 'zombie'),
(51, 'lei421', 'Mère Noël'),
(51, 'yas59', NULL),
(51, 'man359', 'Zelda'),
(51, 'vir34', 'ange'),
(51, 'est437', 'Catwoman'),
(51, 'hél259', 'zombie'),
(51, 'pru416', 'zombie'),
(51, 'flo311', 'lutin'),
(51, 'ond475', 'schtroumpf'),
(51, 'sév201', 'Blanche Neige'),
(51, 'vin282', 'Link'),
(51, 'sté465', 'Kylo Ren'),
(51, 'aga406', 'alien'),
(51, 'flo173', 'Arwen'),
(51, 'nie155', 'Darth Vader'),
(51, 'mar462', 'Aurore'),
(51, 'cha157', 'Leia'),
(51, 'mat254', 'Batgirl'),
(51, 'irè63', 'Zelda'),
(51, 'gaë156', 'épouvantail'),
(51, 'hug190', 'Père Noël'),
(51, 'lud111', 'chevalier'),
(51, 'meh408', 'Superman'),
(51, 'gra470', 'Rey'),
(51, 'alp264', 'orc'),
(52, 'aur320', 'épouvantail'),
(52, 'pau328', 'orc'),
(52, 'sam394', 'ange'),
(52, 'pao417', 'Batman'),
(52, 'oct98', 'Père Noël'),
(52, 'ibr130', 'Merlin'),
(52, 'cor275', 'Mère Noël'),
(52, 'geh300', NULL),
(52, 'glo229', 'Anna'),
(52, 'ren383', 'Link'),
(52, 'lou413', 'Mario'),
(52, 'lau389', 'zombie'),
(52, 'rob326', 'chevalier'),
(52, 'oct1', 'lutin'),
(52, 'fab483', 'minion'),
(52, 'rod341', 'ange'),
(52, 'dim270', 'démon'),
(52, 'aga314', 'Peach'),
(52, 'adè267', 'Leia'),
(52, 'luc364', 'démon'),
(52, 'yas280', 'Arwen'),
(52, 'ilh222', 'Darth Vader'),
(52, 'lou346', 'Daenerys'),
(52, 'val276', 'Zelda'),
(52, 'son106', 'schtroumpf'),
(52, 'pru85', 'Katniss'),
(52, 'zoé134', 'zombie'),
(52, 'mar186', 'Arwen'),
(52, 'zor66', 'ninja'),
(52, 'han377', 'Blanche Neige'),
(52, 'léo358', 'magicien'),
(52, 'yas149', 'Clochette'),
(52, 'chr245', 'ninja'),
(52, 'glo224', 'Peach'),
(52, 'viv129', 'elfe'),
(52, 'cél258', 'Catwoman'),
(52, 'fab366', 'épouvantail'),
(52, 'hen454', 'épouvantail'),
(52, 'pru256', 'vampire'),
(52, 'cas495', 'Katniss'),
(52, 'meh291', 'Frankenstein'),
(52, 'pie431', 'Gandalf'),
(52, 'ber443', 'schtroumpf'),
(52, 'sam491', 'ninja'),
(52, 'bén212', 'ninja'),
(52, 'ele272', 'Elsa'),
(52, 'sté210', 'Spiderman'),
(52, 'did158', 'minion'),
(52, 'jos141', 'Aragorn'),
(52, 'ant370', 'orc'),
(52, 'ber58', 'elfe'),
(52, 'ell469', 'alien'),
(52, 'ber184', 'Zelda'),
(52, 'eve360', 'fée'),
(53, 'ger238', 'Merlin'),
(53, 'suz138', 'ninja'),
(53, 'jea74', 'Frodon'),
(53, 'eve32', 'elfe'),
(53, 'ama439', 'épouvantail'),
(53, 'xav83', 'Han Solo'),
(53, 'flo165', 'fée'),
(53, 'chr7', 'Katniss'),
(53, 'mar148', 'fantôme'),
(53, 'sop422', 'alien'),
(53, 'ili216', 'fantôme'),
(53, 'pén497', 'Aurore'),
(53, 'jea18', 'Superman'),
(53, 'mic137', 'épouvantail'),
(53, 'chr290', 'lutin'),
(53, 'syl347', 'Daenerys'),
(53, 'adr456', 'Jon Snow'),
(53, 'isa303', 'Mère Noël'),
(53, 'rod341', 'lutin'),
(53, 'vic92', 'fantôme'),
(53, 'zoé76', 'démon'),
(53, 'zel8', 'sirène'),
(53, 'ann384', 'zombie'),
(53, 'gré234', 'démon'),
(53, 'nol198', 'démon'),
(53, 'pat376', NULL),
(53, 'pat484', 'chevalier'),
(53, 'ale36', 'ange'),
(53, 'val276', 'zombie'),
(53, 'ant331', 'Frodon'),
(53, 'mar186', 'Aurore'),
(53, 'hug128', 'Luke'),
(53, 'cor93', 'Maléfique'),
(53, 'viv189', 'Père Noël'),
(53, 'rod194', 'citrouille'),
(53, 'ber184', 'alien'),
(53, 'léa329', 'Peach'),
(53, 'adè267', 'Katniss'),
(53, 'san442', 'Maléfique'),
(53, 'wil140', 'Blanche Neige'),
(53, 'arn55', 'ange'),
(53, 'dom235', NULL),
(53, 'den232', 'Han Solo'),
(53, 'emm379', 'alien'),
(53, 'meh487', 'démon'),
(53, 'yar297', 'Zelda'),
(53, 'cha306', 'Père Noël'),
(53, 'tho310', 'Gandalf'),
(53, 'rom39', 'alien'),
(53, 'meh291', 'Spiderman'),
(53, 'rom171', 'Mère Noël'),
(53, 'nao227', 'Batgirl'),
(53, 'joh120', 'vampire'),
(53, 'oct461', 'ninja'),
(53, 'mic68', 'démon'),
(53, 'san344', 'Clochette'),
(53, 'yas319', 'Batgirl'),
(53, 'pas261', 'elfe'),
(53, 'fra434', 'zombie'),
(53, 'rap45', 'zombie'),
(53, 'nie368', 'Kylo Ren'),
(53, 'jea152', 'fantôme'),
(53, 'gin46', 'Zelda'),
(53, 'emm402', 'Elsa'),
(53, 'eli381', 'vampire'),
(53, 'mar135', 'sirène'),
(53, 'maë202', 'Daenerys'),
(53, 'mau388', NULL),
(53, 'pab71', 'ninja'),
(53, 'did158', 'ange'),
(53, 'zoé134', NULL),
(53, 'tal177', 'Batgirl'),
(53, 'ibr130', 'ninja'),
(53, 'syl393', 'fée'),
(53, 'ale489', 'Luke'),
(54, 'pab71', 'zombie'),
(54, 'vir440', 'orc'),
(54, 'gaë156', 'Elsa'),
(54, 'jan336', 'fée'),
(54, 'ali193', 'Zelda'),
(54, 'lou67', 'citrouille'),
(54, 'fab181', NULL),
(54, 'ste209', 'ange'),
(54, 'vér72', 'sirène'),
(54, 'sar482', 'elfe'),
(54, 'jea453', 'schtroumpf'),
(54, 'mar148', 'fantôme'),
(54, 'léa101', 'Anna'),
(54, 'sév201', 'Aurore'),
(54, 'tif97', 'Katniss'),
(54, 'mat79', 'zombie'),
(54, 'cél167', 'Daenerys'),
(54, 'ala427', 'Spiderman'),
(54, 'ais108', 'Rey'),
(54, 'ama439', 'démon'),
(54, 'uly206', 'lutin'),
(54, 'moh312', 'vampire'),
(54, 'cha41', 'Kylo Ren'),
(54, 'cam25', 'Aurore'),
(54, 'zel26', 'Aurore'),
(54, 'sté89', 'chevalier'),
(54, 'jea74', 'Superman'),
(54, 'man355', 'fantôme'),
(54, 'lei325', 'épouvantail'),
(54, 'adr351', 'lutin'),
(54, 'meh400', 'Mario'),
(54, 'pru112', 'zombie'),
(54, 'rob423', 'Darth Vader'),
(54, 'chr290', 'Elsa'),
(54, 'ala195', 'Père Noël'),
(54, 'tho274', 'Père Noël'),
(54, 'pét17', 'fée'),
(54, 'wal309', 'Frankenstein'),
(54, 'flo311', 'Blanche Neige'),
(54, 'jul478', 'ninja'),
(54, 'vér363', 'minion'),
(54, 'oct461', 'alien'),
(54, 'thé246', 'Elsa'),
(54, 'ili216', 'Gandalf'),
(54, 'tif252', 'Catwoman'),
(54, 'zel8', 'citrouille'),
(54, 'mau388', 'fantôme'),
(54, 'ber225', 'elfe'),
(54, 'ant331', 'Merlin'),
(54, 'fab483', 'Père Noël'),
(54, 'lau389', 'ange'),
(54, 'did175', 'Père Noël'),
(54, 'vin95', 'Père Noël'),
(54, 'sop96', 'minion'),
(54, 'yas59', 'Cendrillon'),
(54, 'pru256', 'lutin'),
(54, 'ell398', 'elfe'),
(54, 'lud419', 'Père Noël'),
(54, 'hél259', 'Rey'),
(54, 'mam54', 'schtroumpf'),
(54, 'bén212', 'Peach'),
(54, 'sté457', 'alien'),
(54, 'cha157', 'elfe'),
(54, 'dor390', 'Peach'),
(54, 'emm233', 'schtroumpf'),
(54, 'jos141', 'ninja'),
(54, 'aga273', 'Aurore'),
(54, 'dam463', NULL),
(54, 'tim281', 'ninja'),
(54, 'mic6', 'épouvantail'),
(54, 'rom410', 'Link'),
(54, 'pat484', 'démon'),
(54, 'suz138', 'Batgirl'),
(54, 'jul84', 'Gandalf'),
(54, 'moh44', 'Frankenstein'),
(54, 'flo31', 'Mario'),
(55, 'lam446', 'vampire'),
(55, 'pét399', 'minion'),
(55, 'flo31', 'ange'),
(55, 'iph219', 'ange'),
(55, 'pas29', 'ninja'),
(55, 'die405', 'Han Solo'),
(55, 'ale65', 'Luke'),
(55, 'eve32', 'elfe'),
(55, 'sar482', 'Aurore'),
(55, 'lau305', 'ange'),
(55, 'jea428', 'schtroumpf'),
(55, 'bru230', 'ange'),
(55, 'nat352', 'vampire'),
(55, 'col125', NULL),
(55, 'jul84', 'Frankenstein'),
(55, 'ann384', 'Rey'),
(55, 'joc69', 'zombie'),
(55, 'phi476', 'minion'),
(55, 'dav80', 'James Bond'),
(55, 'pru113', 'ange'),
(55, 'max35', 'Luke'),
(55, 'axe392', 'Kylo Ren'),
(55, 'ell333', 'citrouille'),
(55, 'sam394', 'schtroumpf'),
(55, 'thé188', 'magicien'),
(55, 'fab366', 'Spiderman'),
(55, 'gin251', 'ninja'),
(55, 'pas261', 'ninja'),
(55, 'lou277', 'Peach'),
(55, 'ben147', 'Père Noël'),
(55, 'con133', 'chevalier'),
(55, 'san442', 'Arwen'),
(55, 'ibr130', 'Merlin'),
(55, 'ric143', 'elfe'),
(55, 'vir362', 'Jon Snow'),
(55, 'emi304', NULL),
(55, 'bla380', 'Leia'),
(55, 'océ249', 'Zelda'),
(55, 'hec493', 'fantôme'),
(55, 'val276', 'minion'),
(55, 'wil140', 'Blanche Neige'),
(55, 'dyl337', 'Aragorn'),
(55, 'did175', 'lutin'),
(55, 'hub185', 'Superman'),
(55, 'vin282', 'James Bond'),
(55, 'chr94', 'Blanche Neige'),
(55, 'rap436', 'Mario'),
(55, 'rod341', 'ange'),
(55, 'fra429', 'Merlin'),
(55, 'tar21', 'Daenerys'),
(55, 'oct1', 'Père Noël'),
(55, 'cha41', 'Mario'),
(55, 'and499', 'fantôme'),
(55, 'wal309', 'fantôme'),
(55, 'fab37', 'Batman'),
(55, 'ren383', 'ange'),
(55, 'wil367', 'Clochette'),
(55, 'fau207', 'Zelda'),
(55, 'yve114', NULL),
(55, 'pru256', 'Catwoman'),
(55, 'dim270', 'fantôme'),
(55, 'mél371', 'sorcière'),
(55, 'ale36', 'Darth Vader'),
(55, 'jos141', 'Batman'),
(55, 'syl347', 'Mère Noël'),
(55, 'mam293', 'Kylo Ren'),
(55, 'tar365', 'Blanche Neige'),
(55, 'ele90', 'magicien'),
(55, 'pie431', 'épouvantail'),
(55, 'pao417', 'Spiderman'),
(55, 'fab483', 'vampire'),
(55, 'sté182', 'Cendrillon'),
(55, 'séb203', 'Père Noël'),
(55, 'arm73', 'James Bond'),
(55, 'rap45', 'Frodon'),
(55, 'vic288', 'Daenerys'),
(55, 'ama279', 'Leia'),
(55, 'flo33', 'lutin'),
(55, 'jea152', 'alien'),
(55, 'hub375', 'Père Noël'),
(55, 'meh286', 'ninja'),
(55, 'jan343', 'sirène'),
(55, 'san344', 'Katniss'),
(55, 'nor244', 'Aragorn'),
(55, 'ann117', 'sorcière'),
(55, 'ala427', 'Aragorn'),
(55, 'hug128', 'Spiderman'),
(55, 'pru494', 'Clochette'),
(55, 'rod194', 'Han Solo'),
(55, 'sté349', 'Batgirl'),
(55, 'vér363', 'Anna'),
(55, 'zac298', 'minion'),
(55, 'xav107', 'Frodon'),
(55, 'mat254', 'sirène'),
(55, 'pao374', 'ninja'),
(55, 'reb162', 'Zelda'),
(55, 'ber443', 'Han Solo'),
(55, 'eli381', 'épouvantail'),
(56, 'san295', 'épouvantail'),
(56, 'vio23', 'sirène'),
(56, 'cor448', 'Blanche Neige'),
(56, 'yas319', 'sirène'),
(56, 'and499', 'citrouille'),
(56, 'vir47', 'Blanche Neige'),
(56, 'cyn334', 'Leia'),
(56, 'fab483', 'vampire'),
(56, 'vin386', 'Darth Vader'),
(56, 'pat299', 'Mario'),
(56, 'lam161', 'minion'),
(56, 'gin46', 'ninja'),
(56, 'viv129', 'Spiderman'),
(56, 'dom445', 'Spiderman'),
(56, 'dav316', 'orc'),
(56, 'sté477', 'Spiderman'),
(56, 'emm233', 'sirène'),
(56, 'cas438', 'Anna'),
(56, 'wil140', 'Peach'),
(56, 'els287', 'fée'),
(56, 'geh322', 'Leia'),
(56, 'dim270', 'minion'),
(56, 'oct98', NULL),
(56, 'pas261', 'sirène'),
(56, 'thé191', 'fantôme'),
(56, 'elé387', 'Zelda'),
(56, 'hél452', 'Katniss'),
(56, 'hen132', 'elfe'),
(56, 'meh286', 'démon'),
(56, 'pét17', 'Arwen'),
(56, 'flo33', 'Darth Vader'),
(56, 'pas29', 'zombie'),
(56, 'hec418', 'orc'),
(56, 'did4', 'Luke'),
(56, 'eli3', 'épouvantail'),
(56, 'iph64', NULL),
(56, 'did158', 'alien'),
(56, 'zel8', 'épouvantail'),
(56, 'chr94', 'Zelda'),
(56, 'cla498', 'Daenerys'),
(56, 'thé342', 'Aragorn'),
(56, 'gra470', 'magicien'),
(56, 'pau328', 'chevalier'),
(56, 'chr61', 'Luke'),
(56, 'jul356', 'zombie'),
(56, 'uly206', 'Merlin'),
(56, 'lud419', 'vampire'),
(56, 'jan343', 'minion'),
(56, 'col125', 'Katniss'),
(56, 'flo50', 'vampire'),
(56, 'sté210', 'vampire'),
(56, 'mat79', 'Luke'),
(56, 'cha306', NULL),
(56, 'gin323', 'schtroumpf'),
(56, 'fré164', 'ange'),
(56, 'her153', 'Batgirl'),
(56, 'syl260', 'Cendrillon'),
(56, 'oct467', 'ninja'),
(56, 'yar297', 'vampire'),
(56, 'pét399', 'fée'),
(56, 'gin251', 'Daenerys'),
(56, 'isa303', 'Cendrillon'),
(56, 'lei325', 'Batgirl'),
(56, 'jea218', 'citrouille'),
(56, 'tal14', 'sirène'),
(56, 'ili216', 'épouvantail'),
(56, 'wil367', 'magicien'),
(56, 'ber78', 'magicien'),
(56, 'dyl337', 'citrouille'),
(56, 'céc348', 'elfe'),
(56, 'cor302', 'ange'),
(56, 'cor275', 'Rey'),
(56, 'eve360', 'ange'),
(56, 'emm402', 'chevalier'),
(56, 'lis179', 'Elsa'),
(56, 'sam237', NULL),
(56, 'mel121', 'alien'),
(56, 'sté182', 'Aurore'),
(56, 'fau207', 'Katniss'),
(56, 'ell333', 'magicien'),
(56, 'léo409', 'démon'),
(56, 'vic92', 'Zelda'),
(57, 'cor275', 'Mère Noël'),
(57, 'ben81', 'ange'),
(57, 'wal205', 'ange'),
(57, 'han377', 'lutin'),
(57, 'isi473', 'magicien'),
(57, 'flo87', 'Peach'),
(57, 'sté477', 'elfe'),
(57, 'rod194', 'épouvantail'),
(57, 'mar148', 'Aurore'),
(57, 'flo50', 'ange'),
(57, 'mar186', 'ninja'),
(57, 'rég28', 'minion'),
(57, 'dia145', 'ninja'),
(57, 'mam407', 'Kylo Ren'),
(57, 'nie155', 'minion'),
(57, 'luc200', 'sorcière'),
(57, 'gin251', NULL),
(57, 'san442', 'chevalier'),
(57, 'nao227', 'Katniss'),
(57, 'zel8', 'zombie'),
(57, 'aga57', 'Arwen'),
(57, 'gaë156', 'Mère Noël'),
(57, 'sam285', 'Gandalf'),
(57, 'est459', 'Mère Noël'),
(57, 'viv129', 'Merlin'),
(57, 'cél258', 'chevalier'),
(57, 'pru382', 'magicien'),
(57, 'sté182', 'chevalier'),
(57, 'cor448', 'Aurore'),
(57, 'elo479', 'magicien'),
(57, 'san344', 'Batgirl'),
(57, 'nie486', NULL),
(57, 'sté210', 'Han Solo'),
(57, 'lau305', 'fantôme'),
(57, 'rom39', 'Père Noël'),
(57, 'hen132', 'magicien'),
(57, 'céc144', 'fantôme'),
(57, 'glo224', 'schtroumpf'),
(57, 'oli103', 'minion'),
(57, 'pét399', 'zombie'),
(57, 'sté187', 'chevalier'),
(57, 'tho274', 'Gandalf'),
(57, 'luc250', 'démon'),
(57, 'ala88', 'schtroumpf'),
(57, 'hug128', NULL),
(57, 'tan294', 'citrouille'),
(57, 'zoé134', 'Catwoman'),
(57, 'nie354', 'Batman'),
(57, 'ais108', 'Catwoman'),
(57, 'amé424', NULL),
(57, 'flo311', 'Anna'),
(57, 'alp264', 'chevalier'),
(57, 'océ249', 'Zelda'),
(57, 'uly206', 'Luke'),
(57, 'nol198', 'Arwen'),
(57, 'hen454', 'elfe'),
(57, 'pat70', 'lutin'),
(57, 'jor444', 'Superman'),
(57, 'max35', 'Han Solo'),
(57, 'val100', 'Clochette'),
(57, 'clé242', 'Père Noël'),
(57, 'fél308', 'Darth Vader'),
(57, 'flo173', 'vampire'),
(57, 'pab313', 'Merlin'),
(57, 'zor66', 'Peach'),
(57, 'jac247', 'Mario'),
(57, 'tar21', 'Peach'),
(57, 'lei421', 'chevalier'),
(58, 'ste263', 'Frankenstein'),
(58, 'pau328', 'James Bond'),
(58, 'emi304', 'Anna'),
(58, 'sar460', NULL),
(58, 'suz138', 'Zelda'),
(58, 'fré164', 'schtroumpf'),
(58, 'elo479', 'Aurore'),
(58, 'thé9', 'Catwoman'),
(58, 'jea397', 'vampire'),
(58, 'pru256', 'Blanche Neige'),
(58, 'flo165', 'Anna'),
(58, 'est437', 'Zelda'),
(58, 'wil211', 'zombie'),
(58, 'con133', 'Arwen'),
(58, 'hug51', 'zombie'),
(58, 'dor199', 'Cendrillon'),
(58, 'odi403', 'fantôme'),
(58, 'meh119', 'Frankenstein'),
(58, 'ant331', 'Han Solo'),
(58, 'sté182', 'sorcière'),
(58, 'cél258', 'Arwen'),
(58, 'ell333', 'démon'),
(58, 'thé246', 'Arwen'),
(58, 'ala318', 'elfe'),
(58, 'gab53', 'Clochette'),
(58, 'thé342', 'alien'),
(58, 'lou496', 'sirène'),
(58, 'est459', 'lutin'),
(58, 'aga314', 'Catwoman'),
(58, 'zor66', 'fée'),
(58, 'ton151', 'Frodon'),
(58, 'joh154', 'chevalier'),
(58, 'sop96', 'alien'),
(58, 'lud111', 'Luke'),
(58, 'dom445', 'Darth Vader'),
(58, 'pab412', 'fantôme'),
(58, 'vir362', 'Père Noël'),
(58, 'rom39', 'vampire'),
(58, 'cha157', 'fantôme'),
(58, 'dam463', 'schtroumpf'),
(58, 'eli3', 'Maléfique'),
(58, 'hen253', 'alien'),
(58, 'cor430', 'Blanche Neige'),
(58, 'vic92', 'démon'),
(58, 'vic217', 'vampire'),
(58, 'bla471', 'fantôme'),
(58, 'val100', 'Mère Noël'),
(58, 'bén212', 'Rey'),
(58, 'pao374', 'Jon Snow'),
(58, 'dor390', 'Zelda'),
(58, 'glo224', 'fée'),
(58, 'jea208', 'orc'),
(58, 'loï361', 'Merlin'),
(58, 'wil140', 'démon'),
(58, 'san442', 'ange'),
(58, 'flo15', 'minion'),
(58, 'tho274', 'magicien'),
(58, 'wen265', 'Mère Noël'),
(58, 'sam237', 'minion'),
(58, 'ele272', 'elfe'),
(58, 'vir47', 'chevalier'),
(58, 'amé424', 'elfe'),
(58, 'eve32', 'Zelda'),
(58, 'yas59', 'lutin'),
(58, 'nao227', 'vampire'),
(58, 'rég28', 'Batman'),
(58, 'joh120', NULL),
(58, 'jea428', 'Superman'),
(58, 'ell469', 'ange'),
(58, 'ant131', 'démon'),
(58, 'cél167', 'Elsa'),
(58, 'yve114', 'lutin'),
(58, 'aga406', NULL),
(58, 'mam54', 'Frodon'),
(58, 'sam278', 'lutin'),
(58, 'tal177', 'Arwen'),
(58, 'nor255', 'Mario'),
(58, 'man359', 'magicien'),
(58, 'dom441', 'épouvantail'),
(58, 'séb203', 'alien'),
(58, 'hél357', 'Arwen'),
(58, 'hen454', 'magicien'),
(58, 'chr61', 'alien'),
(58, 'adè267', 'Zelda'),
(58, 'pru113', 'Aurore'),
(58, 'zoé76', 'Leia'),
(58, 'chl433', 'elfe'),
(58, 'fra91', 'démon'),
(58, 'flo31', NULL),
(58, 'arm73', 'Kylo Ren'),
(58, 'gui2', 'démon'),
(58, 'zel8', 'elfe'),
(58, 'dim270', 'magicien'),
(58, 'luc364', 'ange'),
(58, 'isa303', 'sorcière'),
(58, 'fab483', 'lutin'),
(58, 'nic338', 'épouvantail'),
(58, 'geh322', 'Clochette'),
(58, 'ber82', 'minion'),
(58, 'amé204', 'zombie'),
(58, 'moh104', 'Link'),
(58, 'ali193', 'zombie'),
(58, 'luc200', 'vampire'),
(59, 'gui142', 'Batman'),
(59, 'jor444', 'fantôme'),
(59, 'mam293', 'James Bond'),
(59, 'lei325', 'épouvantail'),
(59, 'thé283', 'ange'),
(59, 'cas438', 'Catwoman'),
(59, 'sté349', 'Katniss'),
(59, 'lou67', 'magicien'),
(59, 'aur118', 'minion'),
(59, 'sam268', 'Frankenstein'),
(59, 'cor139', 'Anna'),
(59, 'gab53', 'démon'),
(59, 'lud111', 'schtroumpf'),
(59, 'pas261', 'alien'),
(59, 'did175', 'James Bond'),
(59, 'cha447', 'chevalier'),
(59, 'gui22', 'zombie'),
(59, 'ale127', 'ninja'),
(59, 'jea397', 'citrouille'),
(59, 'hen132', 'James Bond'),
(59, 'ibr130', 'vampire'),
(59, 'suz138', 'Blanche Neige'),
(59, 'cor430', 'Rey'),
(59, 'pau425', 'Darth Vader'),
(59, 'zoé474', 'démon'),
(59, 'mar135', 'zombie'),
(59, 'léo358', 'Spiderman'),
(59, 'luc364', 'Leia'),
(59, 'emm402', 'ninja'),
(59, 'dav80', 'démon'),
(59, 'dor390', 'Clochette'),
(59, 'céc348', 'Maléfique'),
(59, 'ber443', 'magicien'),
(59, 'clé242', 'Link'),
(59, 'alp264', 'magicien'),
(59, 'est437', 'ninja'),
(59, 'gab13', 'Mario'),
(59, 'est5', 'Rey'),
(59, 'yve464', 'ange'),
(59, 'rod341', 'Darth Vader'),
(59, 'sar460', 'citrouille'),
(59, 'eth490', 'citrouille'),
(59, 'fré164', 'Aragorn'),
(59, 'wil211', 'lutin'),
(59, 'aur320', 'Peach'),
(59, 'san344', 'Blanche Neige'),
(59, 'mel121', 'Merlin'),
(59, 'céd301', 'Merlin'),
(59, 'vic217', 'Daenerys'),
(59, 'eli3', 'Clochette'),
(59, 'fra429', 'vampire'),
(59, 'ant370', 'Darth Vader'),
(59, 'nor255', 'magicien'),
(59, 'meh487', 'Jon Snow'),
(59, 'léo458', 'Luke'),
(59, 'pét399', 'citrouille'),
(59, 'hél77', 'Katniss'),
(59, 'mat396', 'citrouille'),
(59, 'ber184', 'zombie'),
(59, 'joh120', 'Jon Snow'),
(59, 'els287', 'Clochette'),
(59, 'pab313', 'vampire'),
(59, 'lud160', 'chevalier'),
(59, 'sam394', 'James Bond'),
(59, 'ala88', 'Gandalf'),
(59, 'eve360', 'sorcière'),
(59, 'geh300', 'Peach'),
(59, 'gré373', 'citrouille'),
(59, 'nat352', 'Zelda'),
(59, 'gas215', 'ange'),
(59, 'ala427', 'orc'),
(60, 'thé283', 'sirène'),
(60, 'hél452', 'sorcière'),
(60, 'geh322', 'sorcière'),
(60, 'ber78', 'alien'),
(60, 'ann117', 'Maléfique'),
(60, 'léa101', 'Leia'),
(60, 'jos141', 'Spiderman'),
(60, 'jea152', 'Gandalf'),
(60, 'isi473', 'Spiderman'),
(60, 'mic6', 'Han Solo'),
(60, 'amé424', 'Leia'),
(60, 'cha306', 'Han Solo'),
(60, 'eri420', NULL),
(60, 'hug190', 'magicien'),
(60, 'cor302', 'Jon Snow'),
(60, 'val100', 'Katniss'),
(60, 'thé9', 'démon'),
(60, 'cha447', 'fée'),
(60, 'jul84', 'chevalier'),
(60, 'ale65', 'chevalier'),
(60, 'gaë156', 'schtroumpf'),
(60, 'ant131', 'Batman'),
(60, 'ele272', 'Katniss'),
(60, 'joc213', 'Jon Snow'),
(60, 'dav80', 'orc'),
(60, 'syl347', 'alien'),
(60, 'oli289', 'orc'),
(60, 'ger238', 'fantôme'),
(60, 'bén192', 'Rey'),
(60, 'jan336', 'Anna'),
(60, 'bla109', 'Maléfique'),
(61, 'clé242', 'Merlin'),
(61, 'emm233', 'ange'),
(61, 'flo165', 'zombie'),
(61, 'lei257', 'magicien'),
(61, 'pie339', 'démon'),
(61, 'meh286', 'ninja'),
(61, 'phi476', 'minion'),
(61, 'man359', 'Katniss'),
(61, 'ber82', 'lutin'),
(61, 'viv189', 'Père Noël'),
(61, 'tho274', 'orc'),
(61, 'man355', 'fée'),
(61, 'hen221', 'chevalier'),
(61, 'lau389', 'schtroumpf'),
(61, 'hél77', 'schtroumpf'),
(61, 'pru239', 'démon'),
(61, 'dav150', 'Aragorn'),
(61, 'jea428', 'orc'),
(61, 'syl347', 'sorcière'),
(61, 'cor93', 'Elsa'),
(61, 'dor390', 'lutin'),
(61, 'viv19', 'lutin'),
(61, 'bén212', 'ninja'),
(61, 'fra434', 'Daenerys'),
(61, 'ale489', 'ninja'),
(61, 'pru85', 'Arwen'),
(61, 'gin46', 'sorcière'),
(61, 'elé387', 'Leia'),
(61, 'xav83', 'Frankenstein'),
(61, 'rod341', 'Gandalf'),
(61, 'vér363', 'Elsa'),
(61, 'san344', 'Cendrillon'),
(61, 'ala88', 'Jon Snow'),
(61, 'tif414', 'Blanche Neige'),
(61, 'pab71', 'Link'),
(61, 'mat396', 'ange'),
(61, 'meh174', 'Darth Vader'),
(61, 'fab181', 'Aragorn'),
(61, 'hub185', 'ange'),
(61, 'ili216', 'Gandalf'),
(61, 'uly241', NULL),
(61, 'wal205', 'Merlin'),
(61, 'zor66', 'Rey'),
(61, 'fab366', 'Frankenstein'),
(61, 'céd301', 'alien'),
(61, 'mél371', 'minion'),
(61, 'did158', 'magicien'),
(62, 'eri420', 'Aragorn'),
(62, 'tho274', 'Han Solo'),
(62, 'isi473', 'démon'),
(62, 'mar340', 'Leia'),
(62, 'océ321', 'elfe'),
(62, 'cha447', 'alien'),
(62, 'fab483', 'James Bond'),
(62, 'rom39', 'Luke'),
(62, 'cor139', 'citrouille'),
(62, 'die405', 'alien'),
(62, 'pas29', 'Catwoman'),
(62, 'hél259', 'fantôme'),
(62, 'ber82', 'orc'),
(62, 'col125', 'Aurore'),
(62, 'lei421', 'Rey'),
(62, 'pét399', 'Rey'),
(62, 'pru85', 'Arwen'),
(62, 'nie354', 'Darth Vader'),
(62, 'vic92', 'Anna'),
(62, 'cél258', 'fantôme'),
(62, 'sam491', 'Kylo Ren'),
(62, 'pau328', 'elfe'),
(62, 'fab37', 'Batman'),
(62, 'oma180', 'zombie'),
(62, 'léa101', 'Peach'),
(62, 'pru113', 'sirène'),
(62, 'hél357', 'Anna'),
(62, 'dom445', 'James Bond'),
(62, 'pén497', 'elfe'),
(62, 'cas438', 'minion'),
(62, 'nor244', 'James Bond'),
(62, 'cha178', 'démon'),
(62, 'gin24', 'Zelda'),
(62, 'xav107', 'Spiderman'),
(62, 'oli103', 'ange'),
(62, 'cor448', 'magicien'),
(62, 'ele272', 'Katniss'),
(62, 'nie155', 'Darth Vader'),
(62, 'cor266', 'ninja'),
(62, 'dor390', 'Aurore'),
(62, 'tho11', 'ange'),
(62, 'jea208', 'James Bond'),
(62, 'sté187', 'elfe'),
(62, 'jos141', 'zombie'),
(62, 'gré234', 'Spiderman'),
(62, 'fab366', 'Batman'),
(62, 'eve488', NULL),
(62, 'val100', 'ange'),
(62, 'ama279', 'ange'),
(62, 'mar186', 'lutin'),
(62, 'jea152', NULL),
(62, 'mau388', 'Rey'),
(62, 'rob326', 'minion'),
(62, 'hug128', 'Superman'),
(62, 'flo173', 'vampire'),
(62, 'cam123', NULL),
(62, 'pie431', 'Frankenstein'),
(62, 'yve114', 'Kylo Ren'),
(62, 'son106', 'Aurore'),
(62, 'flo269', 'schtroumpf'),
(62, 'max136', 'épouvantail'),
(62, 'sar307', 'Leia'),
(62, 'ber225', 'épouvantail'),
(62, 'moh312', 'Han Solo'),
(62, 'rob423', 'Darth Vader'),
(62, 'wal169', 'Han Solo'),
(62, 'sté349', NULL),
(62, 'jor444', 'Luke'),
(62, 'san344', 'Aurore'),
(62, 'cla498', 'Blanche Neige'),
(62, 'bla109', 'épouvantail'),
(62, 'ale127', 'Clochette'),
(62, 'ele350', 'Aurore'),
(62, 'nor214', 'ninja'),
(62, 'chr61', 'épouvantail'),
(62, 'ste369', 'James Bond'),
(62, 'lou496', 'Cendrillon'),
(63, 'mau388', 'Catwoman'),
(63, 'cor275', 'ange'),
(63, 'jea415', 'Gandalf'),
(63, 'sam394', 'alien'),
(63, 'ale36', 'Frodon'),
(63, 'tar365', 'minion'),
(63, 'jul356', 'citrouille'),
(63, 'rap45', 'Mario'),
(63, 'syl347', 'Maléfique'),
(63, 'pab313', 'ninja'),
(63, 'rég481', 'orc'),
(63, 'tif97', 'épouvantail'),
(63, 'arn55', 'magicien'),
(63, 'oma395', 'Superman'),
(63, 'meh400', 'Gandalf'),
(63, 'sté187', 'épouvantail'),
(63, 'ali193', 'lutin'),
(63, 'ilh222', 'fantôme'),
(63, 'hug485', 'ange'),
(63, 'tho310', 'Mario'),
(63, 'irè63', 'fée'),
(64, 'ele350', 'Aurore'),
(64, 'elé387', 'elfe'),
(64, 'eve32', 'magicien'),
(64, 'oli372', 'Batman'),
(64, 'hen132', 'citrouille'),
(64, 'eri420', 'Spiderman'),
(64, 'mam293', 'Kylo Ren'),
(64, 'sop422', 'Leia'),
(64, 'sim330', 'James Bond'),
(64, 'emm402', 'fantôme'),
(64, 'tal14', 'Anna'),
(64, 'vir47', 'Anna'),
(64, 'océ249', 'Arwen'),
(64, 'chr163', 'Frankenstein'),
(64, 'lou413', 'Mario'),
(64, 'sté182', 'Blanche Neige'),
(64, 'oma180', 'démon'),
(64, 'ala195', 'fantôme'),
(64, 'emm379', 'ange'),
(64, 'ste209', 'minion'),
(64, 'adè267', 'chevalier'),
(64, 'ste263', 'épouvantail'),
(64, 'syl260', 'Maléfique'),
(65, 'cha243', 'Kylo Ren'),
(65, 'ale36', 'Gandalf'),
(65, 'hug485', 'Spiderman'),
(65, 'den232', 'Aragorn'),
(65, 'bri124', 'fantôme'),
(65, 'jea208', 'zombie'),
(65, 'sam394', 'Batman'),
(65, 'pat299', 'schtroumpf'),
(65, 'geh99', 'sirène'),
(65, 'vin95', 'Jon Snow'),
(65, 'aga314', 'schtroumpf'),
(65, 'zoé134', 'Katniss'),
(65, 'pas261', 'Katniss'),
(65, 'mau388', 'sorcière'),
(65, 'syl260', 'ninja'),
(65, 'thé283', 'Cendrillon'),
(65, 'lud111', 'schtroumpf'),
(65, 'rap436', NULL),
(65, 'adr48', 'zombie'),
(65, 'pau328', 'Superman'),
(65, 'vir362', 'chevalier'),
(65, 'ale56', 'ninja'),
(65, 'jea18', 'Spiderman'),
(65, 'tar21', 'elfe'),
(65, 'sté182', 'démon'),
(65, 'lau305', 'elfe'),
(65, 'eve360', 'Katniss'),
(65, 'sop96', 'Batgirl'),
(65, 'flo173', 'Aurore'),
(65, 'céc144', 'Daenerys'),
(65, 'ber78', 'démon'),
(65, 'ton231', 'James Bond'),
(65, 'viv189', 'chevalier'),
(65, 'nat352', 'Zelda'),
(65, 'mat254', 'Daenerys'),
(65, 'xav83', 'Mario'),
(65, 'did4', 'magicien'),
(65, 'lau292', 'Peach'),
(65, 'ber184', 'Elsa'),
(65, 'ber225', 'ninja'),
(65, 'gra480', 'zombie'),
(65, 'lei257', 'Rey'),
(65, 'que115', 'Luke'),
(65, 'céd301', 'Frodon'),
(65, 'rom410', 'ninja'),
(65, 'est459', 'Daenerys'),
(65, 'flo50', 'épouvantail'),
(65, 'odi403', 'elfe'),
(65, 'ham170', 'minion'),
(65, 'lou67', 'Elsa'),
(65, 'lei325', 'Peach'),
(65, 'lei421', 'vampire'),
(65, 'dom122', 'Merlin'),
(65, 'hub375', 'Frankenstein'),
(65, 'han75', 'épouvantail'),
(65, 'ond475', 'magicien'),
(65, 'moh432', NULL),
(65, 'meh487', 'Père Noël'),
(65, 'wil211', 'sorcière'),
(66, 'tho310', 'Han Solo'),
(66, 'pru42', 'Elsa'),
(66, 'reb162', 'Arwen'),
(66, 'pau102', 'schtroumpf'),
(66, 'san442', 'chevalier'),
(66, 'luc200', 'Rey'),
(66, 'lau305', 'Maléfique'),
(66, 'jea152', 'Luke'),
(66, 'rom39', 'lutin'),
(66, 'lis179', 'elfe'),
(66, 'pru113', 'lutin'),
(66, 'elo479', 'Batgirl'),
(66, 'sim492', 'elfe'),
(66, 'céd159', 'Han Solo'),
(66, 'ari110', 'citrouille'),
(66, 'hél259', 'Daenerys'),
(66, 'eme411', 'Gandalf'),
(66, 'mat396', 'Mario'),
(66, 'mat79', 'fantôme'),
(66, 'wil211', 'fantôme'),
(66, 'mic6', 'Kylo Ren'),
(66, 'ond475', 'démon'),
(66, 'ama439', 'Leia'),
(66, 'mat296', 'Spiderman'),
(66, 'ton231', 'Frodon'),
(66, 'fab38', 'démon'),
(66, 'cor302', 'James Bond'),
(66, 'man355', 'Arwen'),
(66, 'syl260', 'schtroumpf'),
(66, 'elé166', 'alien'),
(66, 'lud160', 'Kylo Ren'),
(66, 'lam161', NULL),
(66, 'céc144', 'citrouille'),
(66, 'fra429', 'Kylo Ren'),
(66, 'ele90', 'Leia'),
(66, 'oma395', 'ange'),
(66, 'gin24', 'Peach'),
(66, 'chr7', 'minion'),
(66, 'col125', 'démon'),
(66, 'zoé76', 'minion'),
(66, 'ala427', NULL),
(66, 'val228', 'elfe'),
(66, 'vir362', 'fantôme'),
(66, 'hél60', 'Zelda'),
(66, 'geh300', 'Leia'),
(66, 'adr351', 'Merlin'),
(66, 'ale127', 'Blanche Neige'),
(66, 'aga273', 'démon'),
(66, 'uly16', 'fantôme'),
(66, 'irè63', 'magicien'),
(66, 'les332', 'Mère Noël'),
(66, 'gab53', 'Rey'),
(66, 'san344', 'Leia'),
(66, 'flo173', 'vampire'),
(66, 'did158', 'Han Solo'),
(66, 'son106', 'Rey'),
(66, 'dav220', 'Superman'),
(66, 'nor244', 'ange'),
(66, 'urs451', 'Batgirl'),
(66, 'ale36', 'Spiderman'),
(66, 'sop422', 'Peach'),
(66, 'chr61', 'fantôme'),
(66, 'gra480', 'minion'),
(66, 'pab71', 'Frankenstein'),
(66, 'moh312', 'Superman'),
(66, 'ren468', 'Gandalf'),
(66, 'eli381', 'Clochette'),
(66, 'ala195', 'Darth Vader'),
(66, 'tal177', 'Elsa'),
(66, 'gra470', 'citrouille'),
(66, 'den20', 'Clochette'),
(66, 'rég28', 'Han Solo'),
(66, 'dom445', 'Jon Snow'),
(66, 'thé342', 'Link'),
(66, 'eri420', 'Darth Vader'),
(66, 'lou496', 'Zelda'),
(66, 'val276', 'démon'),
(66, 'wal169', 'Han Solo'),
(66, 'amé424', 'épouvantail'),
(66, 'vic288', 'démon'),
(66, 'emi304', 'Batgirl'),
(66, 'pru385', 'sorcière'),
(66, 'oct98', 'ninja'),
(66, 'vin386', 'Darth Vader'),
(66, 'eme52', 'Gandalf'),
(66, 'yas59', 'Daenerys'),
(66, 'ton151', 'Gandalf'),
(66, 'hen221', 'Luke'),
(66, 'sté187', 'Arwen'),
(66, 'dor199', 'Batgirl'),
(66, 'jea74', 'Gandalf'),
(66, 'oli289', 'Batman'),
(66, 'pas40', 'Elsa'),
(66, 'mar186', 'Daenerys'),
(66, 'adr401', 'ange'),
(66, 'wal309', NULL),
(66, 'clé345', 'Anna'),
(66, 'flo15', 'fantôme'),
(66, 'bri124', 'zombie'),
(66, 'pru112', 'Catwoman'),
(66, 'aga314', 'Zelda'),
(66, 'cor93', 'sirène'),
(66, 'ari226', 'citrouille'),
(66, 'clé242', 'alien'),
(66, 'mam54', 'Merlin'),
(66, 'dav316', 'lutin'),
(66, 'léo358', 'lutin'),
(66, 'jea18', 'Gandalf'),
(66, 'cha41', 'Mario'),
(66, 'odi403', 'sirène'),
(67, 'did4', 'Merlin'),
(67, 'emm233', 'schtroumpf'),
(67, 'ala88', 'Han Solo'),
(67, 'léo358', 'Han Solo'),
(67, 'adr48', 'lutin'),
(67, 'ber455', 'Batman'),
(67, 'sar460', 'zombie'),
(67, 'ant131', 'James Bond'),
(67, 'mar186', 'fantôme'),
(67, 'dam463', 'Batman'),
(67, 'geh300', 'Mère Noël'),
(67, 'ton248', 'Superman'),
(67, 'ren468', 'Kylo Ren'),
(67, 'rap436', 'Gandalf'),
(67, 'ele90', 'lutin'),
(67, 'pau328', 'lutin'),
(67, 'moh104', 'Superman'),
(67, 'hub185', 'Batman'),
(67, 'mam54', 'Kylo Ren'),
(67, 'san442', 'Aurore'),
(67, 'joc69', 'James Bond'),
(67, 'ale489', 'Aragorn'),
(67, 'wen265', 'Aurore'),
(67, 'hen221', 'Kylo Ren'),
(67, 'vic92', 'ninja'),
(67, 'zac298', 'magicien'),
(67, 'nie368', 'elfe'),
(67, 'hug485', 'ange'),
(67, 'ama279', NULL),
(67, 'suz138', 'citrouille'),
(67, 'thé191', 'Spiderman'),
(67, 'ell469', 'Mario'),
(67, 'nor255', 'alien'),
(67, 'jér472', 'Spiderman'),
(67, 'pat484', 'magicien'),
(67, 'céd301', 'Kylo Ren'),
(67, 'aga273', 'Peach'),
(67, 'vir362', 'Père Noël'),
(67, 'wil140', 'Mère Noël'),
(67, 'glo224', 'ninja'),
(67, 'sté187', 'citrouille'),
(67, 'ham170', 'Link'),
(67, 'cor266', 'Elsa'),
(68, 'lou413', 'Mario'),
(68, 'chr245', 'Frankenstein'),
(68, 'pru385', 'schtroumpf'),
(68, 'ton231', 'Kylo Ren'),
(68, 'wal169', 'orc'),
(68, 'nor214', 'Kylo Ren'),
(68, 'mam54', 'chevalier'),
(68, 'jea18', 'James Bond'),
(68, 'sam285', 'Link'),
(68, 'val228', 'Leia'),
(68, 'pao374', NULL),
(68, 'ari226', 'Blanche Neige'),
(68, 'pru86', 'Catwoman'),
(68, 'fra91', 'Mario'),
(68, 'sév201', 'ninja'),
(68, 'jea218', 'chevalier'),
(68, 'pat450', 'minion'),
(68, 'jea208', 'James Bond'),
(68, 'pat484', 'Luke'),
(68, 'lud111', 'démon'),
(68, 'did175', 'orc'),
(68, 'rom171', 'zombie'),
(68, 'and499', 'elfe'),
(68, 'ste209', 'vampire'),
(68, 'dap353', 'Maléfique'),
(68, 'geh322', 'sirène'),
(68, 'séb203', 'Mario'),
(68, 'nol198', 'Maléfique'),
(68, 'ale127', 'Clochette'),
(68, 'zoé474', 'Arwen'),
(68, 'ber455', 'Spiderman'),
(68, 'dav220', 'James Bond'),
(68, 'lau305', 'Batgirl'),
(68, 'rom410', 'orc'),
(68, 'pén497', 'fée'),
(68, 'vic217', 'chevalier'),
(68, 'maë202', 'Leia'),
(68, 'san344', 'elfe'),
(68, 'cor448', 'chevalier'),
(68, 'zoé76', 'zombie'),
(68, 'bén192', 'minion'),
(68, 'thé191', 'Mario'),
(68, 'dav316', 'vampire'),
(68, 'ren383', 'fantôme'),
(68, 'hub185', 'Père Noël'),
(68, 'lam446', 'fantôme'),
(68, 'jul356', 'schtroumpf'),
(68, 'rod194', 'orc'),
(68, 'pao271', 'Père Noël'),
(68, 'pru416', 'Aurore'),
(68, 'ber58', 'alien'),
(68, 'tho11', 'Père Noël'),
(68, 'wal205', 'Spiderman'),
(68, 'cas495', 'sirène'),
(68, 'fau207', 'Catwoman'),
(68, 'jac466', 'elfe'),
(68, 'viv129', 'ange'),
(68, 'mat223', 'Elsa'),
(68, 'pie431', 'fantôme'),
(68, 'flo269', 'Cendrillon'),
(68, 'pat70', 'elfe'),
(68, 'dav150', 'Mario'),
(68, 'pau425', 'fantôme'),
(68, 'cla498', 'alien'),
(68, 'céd301', 'Kylo Ren'),
(68, 'pru494', 'Katniss'),
(68, 'pét399', 'Anna'),
(68, 'gaë156', 'magicien'),
(68, 'max35', 'Merlin'),
(68, 'thé246', 'Catwoman'),
(68, 'jea397', 'Frodon'),
(68, 'mar186', 'schtroumpf'),
(68, 'mam293', 'Mario'),
(68, 'flo33', 'Frankenstein'),
(68, 'vic92', 'Cendrillon'),
(68, 'lei325', 'elfe'),
(69, 'jea415', 'Luke'),
(69, 'léo458', 'orc'),
(69, 'ger238', 'Kylo Ren'),
(69, 'cla498', 'Maléfique'),
(69, 'rod341', 'vampire'),
(69, 'amé424', 'elfe'),
(69, 'gin24', 'Batgirl'),
(69, 'eth490', 'Frodon'),
(69, 'sté457', 'Père Noël'),
(69, 'ann117', 'ninja'),
(69, 'alp264', 'minion'),
(69, 'est5', 'Zelda'),
(69, 'léo409', 'lutin'),
(69, 'ala427', 'vampire'),
(69, 'dom122', 'Mario'),
(69, 'gab13', 'Jon Snow'),
(69, 'flo31', 'Aragorn'),
(69, 'nol198', 'Elsa'),
(69, 'syl393', 'démon'),
(69, 'ber184', 'Anna'),
(69, 'val228', 'Blanche Neige'),
(69, 'clé242', 'chevalier'),
(69, 'tar21', 'Anna'),
(69, 'man355', 'Katniss'),
(69, 'yar297', 'Catwoman'),
(69, 'hél357', NULL),
(69, 'oli103', 'Gandalf'),
(69, 'elé166', 'ange'),
(69, 'cam123', 'ninja'),
(69, 'wil140', 'Zelda'),
(69, 'hub185', 'Gandalf'),
(69, 'ale489', 'Mario'),
(69, 'ale127', 'vampire'),
(69, 'pau328', 'Frodon'),
(69, 'dav80', 'minion'),
(69, 'yas319', NULL),
(69, 'eve32', 'fantôme'),
(69, 'han377', 'sirène'),
(69, 'meh487', 'Kylo Ren'),
(69, 'moh44', 'Frankenstein'),
(69, 'chr290', 'Batgirl'),
(69, 'con378', NULL),
(69, 'vér72', 'citrouille'),
(69, 'ton231', 'Frankenstein'),
(69, 'san295', 'Zelda'),
(69, 'ant370', 'démon'),
(69, 'elo479', 'Katniss'),
(70, 'yve464', 'chevalier'),
(70, 'gin251', 'Cendrillon'),
(70, 'océ321', 'Elsa'),
(70, 'ell469', 'James Bond'),
(70, 'jea397', 'alien'),
(70, 'ann117', 'sorcière'),
(70, 'joc213', 'Spiderman'),
(70, 'mam407', 'lutin'),
(70, 'jea428', 'magicien'),
(70, 'han116', 'Clochette'),
(70, 'les332', 'fée'),
(70, 'thé188', 'Batgirl'),
(70, 'meh291', 'Mario'),
(70, 'glo229', 'sirène'),
(70, 'hen146', 'Mère Noël'),
(70, 'flo87', 'Arwen'),
(70, 'ger238', 'Link'),
(70, 'hél77', 'schtroumpf'),
(70, 'dor390', 'fantôme'),
(70, 'cyn334', 'Elsa'),
(70, 'cor430', 'Aurore'),
(70, 'ala318', 'minion'),
(70, 'fau207', 'magicien'),
(70, 'ben81', NULL),
(70, 'ari110', NULL),
(70, 'geh300', 'sorcière'),
(70, 'zoé474', 'Blanche Neige'),
(70, 'vér240', 'Maléfique'),
(70, 'pru494', 'minion'),
(70, 'san324', 'vampire'),
(70, 'iph219', 'épouvantail'),
(70, 'jul84', 'Luke'),
(70, 'oct98', 'ninja'),
(70, 'hub185', 'Jon Snow'),
(70, 'tif414', 'Rey'),
(70, 'fab38', 'ange'),
(70, 'pie339', 'vampire'),
(70, 'sam394', 'chevalier'),
(70, 'thé9', 'Anna'),
(70, 'jea208', 'Kylo Ren'),
(70, 'hen454', 'Clochette'),
(70, 'san295', 'démon'),
(70, 'mar340', 'vampire'),
(70, 'nor244', 'Frodon'),
(70, 'bri124', 'chevalier'),
(70, 'dav316', 'Luke'),
(70, 'oli372', 'minion'),
(70, 'ari226', 'Rey'),
(70, 'ale65', 'Frodon'),
(70, 'dom235', 'démon'),
(70, 'tho274', 'schtroumpf'),
(70, 'ham170', 'Mario'),
(70, 'clé345', 'Elsa'),
(70, 'est437', 'sorcière'),
(70, 'eme411', 'fantôme'),
(70, 'flo31', 'Aragorn'),
(70, 'jan336', 'Arwen'),
(70, 'séb203', 'schtroumpf'),
(70, 'isa303', 'fantôme'),
(70, 'rob326', 'Link'),
(70, 'gré373', 'Batman'),
(70, 'nes62', 'démon'),
(70, 'sam27', 'lutin'),
(70, 'lou346', 'Aurore'),
(70, 'iph64', 'Cendrillon'),
(70, 'mar186', 'lutin'),
(71, 'flo33', 'lutin'),
(71, 'mat254', 'Anna'),
(71, 'jul356', 'sirène'),
(71, 'geh322', 'sirène'),
(71, 'luc200', 'alien'),
(71, 'fab181', 'Gandalf'),
(71, 'les332', 'elfe'),
(71, 'dap353', 'sorcière'),
(71, 'océ321', 'ninja'),
(71, 'pru385', 'sirène'),
(71, 'ell398', 'zombie'),
(71, 'pau425', 'Luke'),
(71, 'gré373', 'Jon Snow'),
(71, 'viv19', 'fantôme'),
(71, 'tar365', 'Cendrillon'),
(71, 'mel121', 'Gandalf'),
(71, 'vic92', 'épouvantail'),
(71, 'con133', 'magicien'),
(71, 'rom410', 'Père Noël'),
(71, 'sté477', 'chevalier'),
(71, 'van426', 'Daenerys'),
(71, 'fra429', NULL),
(71, 'mél371', 'minion'),
(71, 'ond475', 'elfe'),
(71, 'wil367', 'vampire'),
(71, 'rap45', 'orc'),
(71, 'rég481', 'démon'),
(71, 'luc250', 'Maléfique'),
(71, 'isi473', 'Link'),
(71, 'fré164', 'zombie'),
(71, 'els287', 'magicien'),
(71, 'cha41', 'zombie'),
(71, 'oli289', 'Aragorn'),
(71, 'thé191', 'alien'),
(71, 'ger238', 'Merlin'),
(72, 'jea453', 'Merlin'),
(72, 'gré234', 'elfe'),
(72, 'lou346', NULL),
(72, 'dap353', 'schtroumpf'),
(72, 'zoé134', 'Batgirl'),
(72, 'con315', 'Clochette'),
(72, 'den232', NULL),
(72, 'sar460', 'ange'),
(72, 'ais108', 'alien'),
(72, 'pat299', 'Batman'),
(72, 'cas438', 'citrouille'),
(72, 'cor266', 'Elsa'),
(72, 'pru42', 'alien'),
(72, 'ell398', 'Frankenstein'),
(72, 'mic68', 'chevalier'),
(72, 'gab53', 'elfe'),
(72, 'zoé76', 'fantôme'),
(72, 'dom122', 'fantôme'),
(72, 'thé283', 'ninja'),
(72, 'hen253', 'minion'),
(72, 'ala195', 'Han Solo'),
(72, 'thé342', 'Mario'),
(72, 'oct98', 'Gandalf'),
(72, 'cor93', 'vampire'),
(72, 'aga57', 'Aurore'),
(72, 'ben147', 'démon'),
(72, 'eri420', NULL),
(72, 'cél258', 'Elsa'),
(72, 'sté89', 'Kylo Ren'),
(72, 'lei257', 'fantôme'),
(72, 'oct467', 'schtroumpf'),
(72, 'geh300', 'Daenerys'),
(72, 'fra91', 'elfe'),
(72, 'céc348', 'fée'),
(72, 'sim330', 'Gandalf'),
(72, 'meh174', 'vampire'),
(72, 'dav220', 'magicien'),
(72, 'adr48', 'orc'),
(72, 'hug190', 'Darth Vader'),
(72, 'mam407', 'zombie'),
(72, 'thé246', 'Peach'),
(72, 'mat79', 'citrouille'),
(72, 'hub185', 'James Bond'),
(72, 'man355', 'schtroumpf'),
(72, 'ben81', 'lutin'),
(72, 'eme0', 'elfe'),
(72, 'max136', 'fantôme'),
(72, 'sté477', 'Jon Snow'),
(72, 'did158', 'épouvantail'),
(72, 'ale404', 'ninja'),
(72, 'ber58', 'épouvantail'),
(73, 'est459', 'Peach'),
(73, 'rod194', 'Superman'),
(73, 'sim330', 'schtroumpf'),
(73, 'col10', 'Cendrillon'),
(73, 'san344', 'Katniss'),
(73, 'gin251', 'sirène'),
(73, 'jul84', 'schtroumpf'),
(73, 'lou413', 'Luke'),
(73, 'dia145', 'lutin'),
(73, 'jul478', 'Zelda'),
(73, 'sté349', 'ninja'),
(73, 'dav80', 'orc'),
(73, 'que183', 'Kylo Ren'),
(73, 'irè63', 'ninja'),
(73, 'bén449', 'Katniss'),
(73, 'ama439', 'schtroumpf'),
(73, 'pie339', 'schtroumpf'),
(73, 'vic92', 'sirène'),
(73, 'mic6', 'Aragorn'),
(73, 'oli372', 'orc'),
(73, 'vér72', 'Peach'),
(73, 'hen132', 'Han Solo'),
(73, 'vic288', 'Aurore'),
(73, 'yve464', 'alien'),
(73, 'sam27', 'Batman'),
(73, 'flo50', 'zombie'),
(73, 'ala318', 'Superman'),
(73, 'thé246', 'Aurore'),
(73, 'val276', 'minion'),
(73, 'gré373', 'citrouille'),
(73, 'pat450', 'lutin'),
(73, 'eme52', 'minion'),
(73, 'xav83', 'Darth Vader'),
(73, 'luc364', 'Cendrillon'),
(73, 'cas438', 'Clochette'),
(73, 'sam491', 'lutin'),
(73, 'did158', 'ange'),
(73, 'jan343', 'Elsa'),
(73, 'jea152', 'ninja'),
(73, 'pru239', 'alien'),
(73, 'adr48', 'Kylo Ren'),
(73, 'gra480', 'sirène'),
(73, 'lou496', 'Catwoman'),
(73, 'dor199', 'démon'),
(74, 'loï361', 'alien'),
(74, 'sop96', 'chevalier'),
(74, 'ann384', 'ange'),
(74, 'pas29', 'Cendrillon'),
(74, 'gin323', 'Clochette'),
(74, 'gab53', 'vampire'),
(74, 'cor126', 'Elsa'),
(74, 'mat254', 'Clochette'),
(74, 'ele350', 'Mère Noël'),
(74, 'jea218', 'Spiderman'),
(74, 'joh154', 'Han Solo'),
(74, 'oct1', 'Kylo Ren'),
(74, 'mam407', 'lutin'),
(74, 'pén497', 'démon'),
(74, 'ala318', NULL),
(74, 'val276', 'Blanche Neige'),
(74, 'eme52', 'ange'),
(74, 'rom410', 'Jon Snow'),
(74, 'que183', 'Merlin'),
(74, 'lau292', NULL),
(74, 'adr401', 'Frodon'),
(74, 'maë202', 'Anna'),
(74, 'gas215', 'démon'),
(74, 'thé283', 'citrouille'),
(74, 'wil211', 'alien'),
(74, 'chr61', 'chevalier'),
(74, 'ham170', 'Jon Snow'),
(74, 'pau102', 'zombie'),
(75, 'emm379', 'Superman'),
(75, 'pao374', 'zombie'),
(75, 'jea208', 'citrouille'),
(75, 'flo15', 'zombie'),
(75, 'pén497', 'fantôme'),
(75, 'flo269', 'citrouille'),
(75, 'ale127', 'schtroumpf'),
(75, 'pru112', 'fée'),
(75, 'ala88', 'Aragorn'),
(75, 'zel26', 'citrouille'),
(75, 'nie354', 'citrouille'),
(75, 'gui2', 'Merlin'),
(75, 'eth490', 'Link'),
(75, 'ren383', 'Aragorn'),
(75, 'sam394', 'Kylo Ren'),
(75, 'emi304', 'Mère Noël'),
(75, 'ale36', 'chevalier'),
(75, 'fab37', NULL),
(75, 'oma395', 'démon'),
(75, 'lis179', 'Zelda'),
(75, 'hub375', 'schtroumpf'),
(75, 'tif97', 'Blanche Neige'),
(75, 'arn55', 'zombie'),
(75, 'vic217', 'citrouille'),
(75, 'vin386', 'schtroumpf'),
(75, 'max136', 'minion'),
(75, 'gra470', 'vampire'),
(75, 'jér472', 'ninja'),
(75, 'sam285', 'démon'),
(75, 'pau236', 'épouvantail'),
(75, 'tar365', 'Elsa'),
(75, 'sar482', 'fée'),
(75, 'mar340', 'zombie'),
(75, 'ant331', 'Merlin'),
(75, 'gab435', 'fantôme'),
(75, 'lau305', 'Batgirl'),
(75, 'wil211', 'Zelda'),
(75, 'wal169', 'Darth Vader'),
(75, 'lau292', 'Blanche Neige'),
(76, 'pie339', 'fantôme'),
(76, 'ric143', 'épouvantail'),
(76, 'val196', 'Link'),
(76, 'léa329', 'magicien'),
(76, 'pru86', NULL),
(76, 'zel26', 'ange'),
(76, 'mam54', 'lutin'),
(76, 'cha306', 'démon'),
(76, 'lei421', 'Elsa'),
(76, 'cyn334', 'ange'),
(76, 'geh322', 'magicien'),
(76, 'pru239', NULL),
(76, 'tan294', 'minion'),
(76, 'joh120', 'Batman'),
(76, 'céc144', 'Clochette'),
(76, 'jea18', 'James Bond'),
(76, 'iph64', 'sorcière'),
(76, 'viv129', 'citrouille'),
(76, 'bru230', 'James Bond'),
(76, 'séb203', 'vampire'),
(76, 'vir47', 'Arwen'),
(76, 'yve114', 'Père Noël'),
(76, 'adr48', 'alien'),
(76, 'hec418', 'James Bond'),
(76, 'hen253', 'Link'),
(76, 'zoé474', 'schtroumpf'),
(76, 'lou67', 'lutin'),
(76, 'han75', 'Zelda'),
(76, 'vin386', 'Darth Vader'),
(76, 'céd159', 'Superman'),
(76, 'fab38', 'orc'),
(76, 'oli103', 'ange'),
(76, 'ari110', 'Daenerys'),
(76, 'jea428', 'ninja'),
(76, 'vio23', 'Rey'),
(76, 'tif97', 'Daenerys'),
(76, 'ren468', 'ange'),
(76, 'emm379', 'Darth Vader'),
(76, 'elé166', 'vampire'),
(76, 'sim330', 'vampire'),
(76, 'pab412', 'zombie'),
(76, 'meh174', 'Darth Vader'),
(76, 'ben147', 'ange'),
(76, 'nor214', 'lutin'),
(76, 'oct461', 'démon'),
(76, 'eve360', 'fantôme'),
(76, 'joa49', 'Maléfique'),
(76, 'rob423', 'ninja'),
(76, 'eme0', 'ninja'),
(76, 'pét17', 'Peach'),
(76, 'geh99', 'Aurore'),
(76, 'sté477', 'alien'),
(76, 'gui22', 'épouvantail'),
(76, 'rég481', 'Han Solo'),
(76, 'rap45', 'Han Solo'),
(76, 'val228', 'sirène'),
(76, 'que115', 'Link'),
(76, 'viv189', 'schtroumpf'),
(76, 'con315', 'Maléfique'),
(76, 'irè63', 'chevalier'),
(76, 'léo358', 'démon'),
(76, 'lou277', 'ange'),
(76, 'moh432', 'Merlin'),
(76, 'odi403', 'Cendrillon'),
(76, 'did158', 'orc'),
(76, 'flo311', 'sirène'),
(76, 'meh119', 'Merlin'),
(76, 'nat352', 'démon'),
(76, 'dav316', 'Darth Vader'),
(76, 'gui142', 'Darth Vader'),
(76, 'dam463', 'Frodon'),
(76, 'ber455', 'minion'),
(76, 'syl260', 'sirène'),
(76, 'gin323', 'chevalier'),
(76, 'luc250', 'Clochette'),
(76, 'her153', 'chevalier'),
(76, 'ell398', 'Luke'),
(76, 'ber82', 'Han Solo'),
(76, 'tar21', 'schtroumpf'),
(76, 'chr163', 'elfe'),
(76, 'mat79', 'zombie'),
(76, 'chl433', 'Zelda'),
(76, 'den232', 'Frankenstein'),
(76, 'léo409', 'James Bond'),
(76, 'léo458', 'ange'),
(76, 'les332', 'zombie'),
(76, 'pao417', 'Kylo Ren'),
(76, 'isa303', NULL),
(76, 'wal169', 'minion'),
(76, 'dom235', 'Elsa'),
(76, 'cas495', 'Cendrillon'),
(76, 'suz138', 'Maléfique'),
(76, 'hen221', 'orc'),
(76, 'hug485', NULL),
(76, 'est437', 'Daenerys'),
(76, 'sop96', 'fée'),
(76, 'sté210', 'fantôme'),
(76, 'adè267', 'Rey'),
(76, 'thé9', 'alien'),
(76, 'sam394', 'épouvantail'),
(76, 'aur118', 'vampire'),
(76, 'pru494', 'chevalier'),
(76, 'thé283', 'ange'),
(76, 'flo165', 'Mère Noël'),
(76, 'pas40', 'Daenerys'),
(76, 'pau425', 'Batman'),
(76, 'aga406', 'fée'),
(76, 'tho310', 'lutin'),
(76, 'reb162', 'Daenerys'),
(76, 'ama279', 'fée'),
(76, 'les176', 'ange'),
(76, 'pat299', 'Frankenstein'),
(77, 'hél259', 'Mère Noël'),
(77, 'cor430', 'Aurore'),
(77, 'vir362', 'vampire'),
(77, 'iph219', 'Leia'),
(77, 'meh174', 'vampire'),
(77, 'océ249', 'minion'),
(77, 'pas261', 'Catwoman'),
(77, 'joh154', 'ninja'),
(77, 'pie431', 'Kylo Ren'),
(77, 'jor444', 'Jon Snow'),
(77, 'isa303', 'Anna'),
(77, 'max35', 'Luke'),
(77, 'adr456', 'Spiderman'),
(77, 'eve488', 'minion'),
(77, 'sim330', 'elfe'),
(77, 'bén449', 'ange'),
(77, 'glo224', 'sirène'),
(77, 'ton151', 'Luke'),
(77, 'ton248', 'Luke'),
(77, 'geh322', 'citrouille'),
(77, 'jac466', 'Gandalf'),
(77, 'vic217', 'Clochette'),
(77, 'aga273', 'fantôme'),
(77, 'yve464', 'Gandalf'),
(77, 'mat254', 'alien'),
(77, 'gra480', 'épouvantail'),
(77, 'hen221', 'ange'),
(77, 'lud111', 'ange'),
(77, 'vér363', 'vampire'),
(77, 'rom39', 'Superman'),
(77, 'jea415', 'Merlin'),
(77, 'tif97', 'sorcière'),
(77, 'sté182', 'démon'),
(77, 'dap353', 'alien'),
(77, 'lei257', 'fantôme'),
(77, 'pru112', 'lutin'),
(77, 'ham170', NULL),
(77, 'nao227', 'Daenerys'),
(77, 'jos141', 'Link'),
(77, 'sté187', 'Cendrillon'),
(77, 'flo165', 'alien'),
(77, 'nor255', 'démon'),
(77, 'sté89', 'Superman'),
(77, 'dom445', 'Jon Snow'),
(77, 'sam278', 'Luke'),
(77, 'hub375', 'zombie'),
(77, 'ili216', 'lutin'),
(77, 'pao374', 'Frodon'),
(77, 'ann384', 'minion'),
(77, 'lou277', 'Catwoman'),
(77, 'fab483', 'schtroumpf'),
(77, 'emm233', 'Batgirl'),
(77, 'bla471', 'Leia'),
(77, 'yve114', 'schtroumpf'),
(77, 'ren468', 'épouvantail'),
(77, 'cél167', 'Cendrillon'),
(77, 'vic92', 'Cendrillon'),
(77, 'cha157', 'Blanche Neige'),
(77, 'ale65', 'Darth Vader'),
(77, 'pru256', 'Zelda'),
(77, 'val228', NULL),
(77, 'ala172', 'vampire'),
(77, 'jul356', 'ange'),
(77, 'vin282', 'ange'),
(77, 'sop96', 'chevalier'),
(77, 'jea208', 'alien'),
(77, 'wil335', 'lutin'),
(77, 'vir34', 'lutin'),
(77, 'oma395', 'Spiderman'),
(77, 'sam491', 'Père Noël'),
(77, 'eli3', 'Daenerys'),
(77, 'ber82', 'alien'),
(77, 'dav220', 'vampire'),
(77, 'san344', 'sorcière'),
(77, 'sam285', 'alien'),
(77, 'san295', 'Leia'),
(77, 'eve360', 'sirène'),
(77, 'gin251', 'Mère Noël'),
(77, 'eri420', 'James Bond'),
(77, 'chr290', 'ninja'),
(77, 'est459', 'Zelda'),
(77, 'nes62', 'lutin'),
(77, 'fré317', 'Superman'),
(77, 'meh487', 'Aragorn'),
(77, 'rob326', 'Luke'),
(77, 'rég28', 'épouvantail'),
(77, 'wal169', 'Frodon'),
(77, 'son106', 'Elsa'),
(77, 'fau207', 'démon'),
(77, 'pat70', 'Père Noël'),
(77, 'pru85', 'Arwen'),
(77, 'céc348', 'sorcière'),
(77, 'mar340', 'épouvantail'),
(77, 'adè267', 'chevalier'),
(78, 'adr401', 'Aragorn'),
(78, 'jea397', 'James Bond'),
(78, 'sam491', 'Jon Snow'),
(78, 'nol198', 'épouvantail'),
(78, 'den232', 'chevalier'),
(78, 'pat70', 'zombie'),
(78, 'ala427', 'Batman'),
(78, 'isa303', 'sorcière'),
(78, 'gin46', 'minion'),
(78, 'tim281', 'James Bond'),
(78, 'nic338', 'citrouille'),
(78, 'joc69', 'Batman'),
(78, 'rap436', 'vampire'),
(78, 'ste263', 'citrouille'),
(78, 'pru42', 'Peach'),
(78, 'xav83', 'magicien'),
(78, 'ele272', 'Cendrillon'),
(78, 'gui22', 'Darth Vader'),
(78, 'pab71', 'Aragorn'),
(78, 'yas149', 'Clochette'),
(78, 'eli381', 'Arwen'),
(78, 'flo173', 'chevalier'),
(78, 'nie155', 'Link'),
(78, 'ais108', 'Aurore'),
(78, 'vic288', 'Leia'),
(78, 'céc348', 'vampire'),
(78, 'rap45', 'schtroumpf'),
(78, 'pie339', NULL),
(78, 'dor390', 'Anna'),
(78, 'est12', 'zombie'),
(78, 'emi327', 'épouvantail'),
(78, 'hug51', 'ange'),
(78, 'ant331', 'Luke'),
(78, 'mic6', 'Père Noël'),
(78, 'pru86', 'citrouille'),
(78, 'hen146', 'Katniss'),
(78, 'thé283', 'Catwoman'),
(78, 'viv19', 'vampire'),
(78, 'pat376', 'James Bond'),
(78, 'pas29', 'sorcière'),
(78, 'bén212', 'Peach'),
(78, 'ale127', 'schtroumpf'),
(78, 'wil367', 'Batgirl'),
(78, 'eme391', 'ninja'),
(78, 'céd159', 'Aragorn'),
(78, 'dap353', 'Maléfique'),
(78, 'hél357', 'Anna'),
(78, 'san344', 'lutin'),
(78, 'fab37', 'fantôme'),
(78, 'ton248', 'orc'),
(78, 'nie354', 'zombie'),
(78, 'dom441', 'elfe'),
(78, 'mat254', 'Elsa'),
(78, 'cha447', 'épouvantail'),
(78, 'lou346', 'Arwen'),
(78, 'pab313', 'chevalier'),
(78, 'flo87', 'sorcière'),
(78, 'mar340', 'alien'),
(78, 'fau207', 'Katniss'),
(78, 'eve105', 'Aurore'),
(78, 'sim330', 'Han Solo'),
(78, 'jac247', 'elfe'),
(78, 'dom43', 'Clochette'),
(78, 'dor199', 'Anna'),
(78, 'cor266', 'zombie'),
(78, 'moh104', 'vampire'),
(78, 'jor444', 'Batman'),
(78, 'lis179', 'Leia'),
(78, 'chr61', 'Spiderman'),
(78, 'uly16', 'ninja'),
(78, 'bla471', 'Clochette'),
(78, 'her153', 'ninja'),
(78, 'mar186', 'sorcière'),
(79, 'sam268', 'Kylo Ren'),
(79, 'pas40', 'minion'),
(79, 'jul84', 'lutin'),
(79, 'eth490', 'zombie'),
(79, 'eme52', 'Gandalf'),
(79, 'wil211', 'alien'),
(79, 'jea428', 'Luke'),
(79, 'ale127', 'Zelda'),
(79, 'cél167', 'Batgirl'),
(79, 'hug485', 'chevalier'),
(79, 'chr163', 'démon'),
(79, 'moh432', 'schtroumpf'),
(79, 'zoé134', 'fée'),
(79, 'ben81', 'Superman'),
(79, 'fab37', 'alien'),
(79, 'mat223', 'citrouille'),
(79, 'pie431', 'alien'),
(79, 'reb162', 'vampire'),
(79, 'jan343', 'Clochette'),
(79, 'tar365', 'chevalier'),
(79, 'flo31', 'Darth Vader'),
(79, 'cor430', 'schtroumpf'),
(79, 'yve464', 'chevalier'),
(79, 'san344', 'Maléfique'),
(79, 'pat376', 'citrouille'),
(79, 'sté187', 'Blanche Neige'),
(79, 'tho274', 'fantôme'),
(79, 'dom445', 'schtroumpf'),
(79, 'ant131', 'Frodon'),
(79, 'pru239', 'fantôme'),
(79, 'oct467', 'orc'),
(79, 'viv189', 'Merlin'),
(79, 'sam278', 'citrouille'),
(79, 'ann384', 'fantôme'),
(79, 'fab181', 'Frankenstein'),
(79, 'cor262', 'Elsa'),
(79, 'dam463', 'épouvantail'),
(79, 'ste263', 'alien'),
(79, 'den20', 'sorcière'),
(79, 'ali193', 'minion'),
(79, 'cha447', 'épouvantail'),
(79, 'glo224', 'lutin'),
(79, 'fra91', 'Gandalf'),
(79, 'loï361', 'Darth Vader'),
(79, 'vér72', 'Mère Noël'),
(79, 'chr290', 'zombie'),
(79, 'nol198', 'fée'),
(79, 'jea397', 'Kylo Ren'),
(79, 'dim270', 'magicien'),
(79, 'mat296', 'Frankenstein'),
(79, 'dav316', 'chevalier'),
(79, 'cam123', 'schtroumpf'),
(79, 'sam394', 'Père Noël'),
(79, 'joh120', 'Merlin'),
(79, 'wal309', 'chevalier'),
(79, 'pao374', 'Frankenstein'),
(79, 'hél60', 'Clochette'),
(79, 'han116', 'Daenerys'),
(79, 'isi473', 'Batman'),
(79, 'pau236', 'épouvantail'),
(79, 'san442', 'démon'),
(79, 'ton248', 'orc'),
(79, 'vin386', 'magicien'),
(79, 'vic217', 'démon'),
(79, 'syl347', 'Daenerys'),
(79, 'gin323', 'citrouille'),
(79, 'dom441', 'Mario'),
(79, 'ant370', 'chevalier'),
(79, 'lud419', 'Merlin'),
(79, 'hen146', 'schtroumpf'),
(79, 'dia145', 'schtroumpf'),
(79, 'sté465', 'Han Solo'),
(79, 'mat79', 'Darth Vader'),
(79, 'aur320', 'Catwoman'),
(79, 'léo409', 'démon'),
(79, 'lam446', 'vampire'),
(79, 'mar148', 'Blanche Neige'),
(79, 'ama439', 'Aurore'),
(79, 'léa329', 'Arwen'),
(79, 'bla109', 'zombie'),
(79, 'nat352', 'Anna'),
(79, 'lau292', 'Zelda'),
(79, 'ber455', 'fantôme'),
(79, 'sté89', 'schtroumpf'),
(79, 'emm402', 'fée'),
(79, 'mic137', 'Darth Vader'),
(79, 'pat299', 'minion'),
(79, 'meh400', 'James Bond'),
(79, 'jor444', 'Aragorn'),
(80, 'chr61', 'elfe'),
(80, 'vic288', 'Rey'),
(80, 'sim492', 'Luke'),
(80, 'ama279', 'zombie'),
(80, 'pab71', 'Gandalf'),
(80, 'viv19', 'elfe'),
(80, 'zoé134', 'lutin'),
(80, 'gab13', 'Han Solo'),
(80, 'nor214', 'lutin'),
(80, 'yve114', 'Spiderman'),
(80, 'aga57', 'Zelda'),
(80, 'que115', 'orc'),
(80, 'mat296', 'lutin'),
(80, 'pie339', 'magicien'),
(80, 'dav316', 'Merlin'),
(80, 'nes62', 'Blanche Neige'),
(80, 'cor266', 'Rey'),
(80, 'jac247', 'elfe'),
(80, 'tal177', 'Peach'),
(80, 'adr351', 'Gandalf'),
(80, 'eri420', 'Batman'),
(80, 'sté349', 'Mère Noël'),
(80, 'rom171', 'Maléfique'),
(80, 'hél77', 'elfe'),
(80, 'oct1', 'Superman'),
(80, 'gin46', 'Clochette'),
(80, 'meh174', 'elfe'),
(80, 'vér240', 'démon'),
(80, 'céc144', 'lutin'),
(80, 'rob326', 'zombie'),
(80, 'ren383', 'Darth Vader'),
(80, 'ton231', 'magicien'),
(80, 'fab483', 'Frankenstein'),
(80, 'gra480', 'fantôme'),
(80, 'pie431', 'ange'),
(80, 'pru385', 'ange'),
(80, 'fab181', 'Han Solo'),
(80, 'tho310', 'alien'),
(80, 'wil367', 'magicien'),
(80, 'sév201', 'Cendrillon'),
(80, 'hec493', 'épouvantail'),
(80, 'moh312', 'chevalier'),
(80, 'cyn334', 'fée'),
(80, 'geh300', 'Zelda'),
(80, 'uly241', 'Père Noël'),
(80, 'val276', 'Peach'),
(80, 'thé342', 'magicien'),
(80, 'dom235', 'sirène'),
(80, 'hen132', 'magicien'),
(80, 'cam25', 'Cendrillon'),
(80, 'man359', 'elfe'),
(80, 'sté210', 'James Bond'),
(80, 'pru494', 'Daenerys'),
(80, 'sop422', 'Elsa'),
(80, 'axe392', 'épouvantail'),
(80, 'adr456', 'lutin'),
(80, 'san295', 'Mère Noël'),
(80, 'les332', 'Daenerys'),
(80, 'ala318', NULL),
(80, 'gré373', 'Aragorn'),
(80, 'wal205', 'alien'),
(80, 'nor255', 'citrouille'),
(80, 'dia145', 'minion'),
(80, 'sam27', 'zombie'),
(80, 'rém197', NULL),
(80, 'maë202', 'Daenerys'),
(80, 'est5', 'sirène'),
(80, 'ale65', 'Gandalf'),
(80, 'pao271', 'Aragorn'),
(80, 'vir362', 'épouvantail'),
(80, 'val100', 'lutin'),
(80, 'wal169', 'orc'),
(80, 'moh432', 'Frankenstein'),
(80, 'viv129', 'Link'),
(80, 'mam54', 'Luke'),
(80, 'amé424', 'Anna'),
(80, 'aga406', 'démon'),
(80, 'ber443', 'ninja'),
(80, 'dam463', 'citrouille'),
(80, 'ren468', 'Gandalf'),
(80, 'tif414', NULL),
(80, 'pru113', 'Aurore'),
(80, 'gab435', 'Elsa'),
(80, 'pab30', 'ninja'),
(80, 'pat450', 'Link'),
(80, 'pat484', 'alien'),
(80, 'fra91', 'ninja'),
(80, 'pru416', 'vampire'),
(80, 'zel8', 'Zelda'),
(80, 'emm379', 'zombie'),
(80, 'max136', 'Link'),
(80, 'clé345', 'Leia'),
(80, 'bén192', 'lutin'),
(80, 'eme411', 'alien'),
(80, 'glo224', 'citrouille'),
(80, 'lei325', 'Arwen'),
(80, 'rég28', 'ange'),
(80, 'meh487', 'schtroumpf'),
(80, 'aga273', 'sorcière'),
(80, 'ber184', 'sirène'),
(80, 'mam293', 'Darth Vader'),
(80, 'pab313', 'Link'),
(80, 'gra470', 'fantôme'),
(80, 'xav107', 'vampire'),
(80, 'meh119', 'Gandalf'),
(80, 'fra434', 'chevalier'),
(80, 'jea428', 'fantôme'),
(80, 'moh104', 'démon'),
(80, 'ala172', 'James Bond'),
(80, 'gin323', 'fée'),
(80, 'pru42', 'minion'),
(80, 'ali193', 'Mère Noël'),
(80, 'mat254', 'épouvantail'),
(80, 'vic217', 'Leia'),
(80, 'sté457', 'minion'),
(80, 'cor430', 'Rey'),
(80, 'est459', 'Daenerys'),
(81, 'vio23', 'Daenerys'),
(81, 'cor126', 'sorcière'),
(81, 'val196', 'Kylo Ren'),
(81, 'vér363', 'Arwen'),
(81, 'ari110', 'Zelda'),
(81, 'pat484', 'citrouille'),
(81, 'ele90', 'Elsa'),
(81, 'ari226', NULL),
(81, 'lou413', 'épouvantail'),
(81, 'meh400', 'Han Solo'),
(81, 'tif414', 'ange'),
(81, 'ber58', 'citrouille'),
(81, 'emm233', 'vampire'),
(81, 'pab71', 'citrouille'),
(81, 'joc69', 'James Bond'),
(81, 'léo409', 'Batman'),
(81, 'pab30', 'lutin'),
(81, 'ber184', 'magicien'),
(81, 'urs451', 'ninja'),
(81, 'sam491', 'zombie'),
(81, 'jan336', 'Daenerys'),
(81, 'léa101', 'Mère Noël'),
(81, 'wal205', 'Frankenstein'),
(81, 'yas59', 'Anna'),
(81, 'dom445', 'épouvantail'),
(81, 'tim281', 'elfe'),
(81, 'cor302', 'Superman'),
(81, 'moh104', 'épouvantail'),
(81, 'sté349', 'Maléfique'),
(81, 'fau207', 'magicien'),
(81, 'eli3', 'alien'),
(81, 'eth490', 'alien'),
(81, 'ili216', 'épouvantail'),
(81, 'elo479', 'ninja'),
(81, 'céc144', 'fantôme'),
(81, 'els287', 'Arwen'),
(81, 'rém197', 'Jon Snow'),
(81, 'dom441', 'Frodon'),
(81, 'vir362', 'Darth Vader'),
(81, 'vér240', 'Mère Noël'),
(81, 'con378', 'minion'),
(81, 'lou277', 'Arwen'),
(81, 'hél60', 'schtroumpf'),
(81, 'ber455', 'Frodon'),
(81, 'rod194', 'Batman'),
(81, 'van426', 'Rey'),
(81, 'zor66', NULL),
(81, 'amé204', 'Batgirl'),
(81, 'eve488', 'Zelda'),
(81, 'jul478', 'Rey'),
(81, 'hec493', 'minion'),
(81, 'glo224', 'sorcière'),
(81, 'joc213', 'ange'),
(81, 'gas215', 'ninja'),
(81, 'nor244', 'Superman'),
(81, 'man359', 'Peach'),
(81, 'yas319', 'épouvantail'),
(81, 'nie486', 'zombie'),
(81, 'mam293', 'chevalier'),
(81, 'pru382', 'Clochette'),
(81, 'fél308', 'vampire'),
(81, 'cam123', 'Mario'),
(81, 'con133', 'Cendrillon'),
(81, 'hen146', 'minion'),
(81, 'est459', 'Blanche Neige'),
(81, 'chl433', 'Catwoman'),
(81, 'gra480', 'Daenerys'),
(81, 'joh120', 'Luke'),
(81, 'dom43', 'sirène'),
(81, 'rom39', 'Frankenstein'),
(81, 'san295', 'magicien'),
(81, 'rod341', 'fantôme'),
(81, 'aga57', 'alien'),
(81, 'tal177', 'sirène'),
(81, 'nie368', 'Merlin'),
(81, 'san442', 'épouvantail'),
(81, 'arm73', 'Aragorn'),
(81, 'luc200', 'elfe'),
(81, 'dia145', 'elfe'),
(81, 'wil335', 'ninja'),
(81, 'dyl337', NULL),
(81, 'dav150', 'James Bond'),
(81, 'pao271', 'Luke'),
(81, 'est437', 'sirène'),
(81, 'joh154', 'Han Solo'),
(81, 'jul84', 'Spiderman'),
(82, 'phi476', 'ninja'),
(82, 'dap353', NULL),
(82, 'céc144', 'schtroumpf'),
(82, 'pas40', 'Anna'),
(82, 'pau236', 'citrouille'),
(82, 'wil367', 'Clochette'),
(82, 'cor93', 'Catwoman'),
(82, 'pat484', 'Kylo Ren'),
(82, 'mar186', 'vampire'),
(82, 'syl393', 'Mère Noël'),
(82, 'hél259', 'citrouille'),
(82, 'hél60', 'magicien'),
(82, 'cél167', 'citrouille'),
(82, 'joa49', 'sirène'),
(82, 'dav220', 'citrouille'),
(82, 'dyl337', 'Frankenstein'),
(82, 'viv19', 'chevalier'),
(82, 'gas215', 'Kylo Ren'),
(82, 'oct1', 'Darth Vader'),
(82, 'dor390', 'Clochette'),
(82, 'rod341', 'fantôme'),
(82, 'lau389', 'Maléfique'),
(82, 'flo269', 'fantôme'),
(82, 'nes62', 'Peach'),
(82, 'lis179', 'schtroumpf'),
(82, 'syl260', 'minion'),
(82, 'yve114', 'alien'),
(82, 'moh312', 'Jon Snow'),
(82, 'ala172', 'Kylo Ren'),
(82, 'han116', 'Maléfique'),
(82, 'val100', 'fantôme'),
(82, 'pat299', 'Jon Snow'),
(82, 'glo229', 'lutin'),
(82, 'aga57', 'schtroumpf'),
(82, 'pas29', 'Zelda'),
(82, 'meh286', 'Luke'),
(82, 'jan343', 'fée'),
(82, 'chr61', 'Han Solo'),
(82, 'nie354', 'Frankenstein'),
(82, 'pat376', NULL),
(82, 'pao374', 'chevalier'),
(82, 'pét399', 'Cendrillon'),
(82, 'pao271', 'elfe'),
(82, 'adr48', NULL),
(82, 'mam293', 'Spiderman'),
(82, 'oli289', 'elfe'),
(82, 'dam463', 'Merlin'),
(82, 'vér363', 'fée'),
(83, 'cor275', 'zombie'),
(83, 'sam285', 'ninja'),
(83, 'geh99', 'Anna'),
(83, 'yas59', 'vampire'),
(83, 'pru239', 'magicien'),
(83, 'dia145', 'lutin'),
(83, 'thé246', 'vampire'),
(83, 'san324', 'elfe'),
(83, 'eme0', 'Luke'),
(83, 'cam123', 'Jon Snow'),
(83, 'mar340', 'ninja'),
(83, 'isa303', 'alien'),
(83, 'gui22', 'minion'),
(83, 'tal14', 'Blanche Neige'),
(83, 'mar186', 'Peach'),
(83, 'adr48', 'démon'),
(83, 'sop96', 'zombie'),
(83, 'eli3', 'Katniss'),
(83, 'eme52', 'Frankenstein'),
(83, 'eli381', 'Arwen'),
(83, 'hél452', 'épouvantail'),
(83, 'lei325', 'lutin'),
(83, 'mel121', 'Han Solo'),
(83, 'lam446', 'Gandalf'),
(83, 'chr61', 'Batman'),
(83, 'jér472', 'Link'),
(83, 'hug190', 'James Bond'),
(83, 'luc250', 'schtroumpf'),
(83, 'thé9', 'vampire'),
(83, 'ais108', 'sorcière'),
(83, 'fra434', 'alien'),
(83, 'iph64', 'chevalier'),
(83, 'cél167', 'zombie'),
(83, 'rég481', 'Spiderman'),
(83, 'tal177', 'Mère Noël'),
(83, 'joc213', 'démon'),
(83, 'meh174', 'Superman'),
(83, 'and499', 'schtroumpf'),
(83, 'thé188', 'Clochette'),
(83, 'ann117', 'Zelda'),
(83, 'cor430', 'citrouille'),
(83, 'pru86', 'ange'),
(83, 'lou277', 'minion'),
(83, 'fab38', 'Luke'),
(83, 'ama279', 'Catwoman'),
(83, 'jea453', 'Luke'),
(83, 'séb203', 'Merlin'),
(83, 'cor262', 'citrouille'),
(83, 'hél77', 'sirène'),
(83, 'urs451', 'Elsa'),
(83, 'sté349', 'Anna'),
(83, 'clé345', 'ninja'),
(83, 'dom441', 'Merlin'),
(83, 'ham170', 'Kylo Ren'),
(83, 'pru42', 'ange'),
(83, 'ili216', 'elfe'),
(83, 'aur320', 'minion'),
(83, 'hél357', 'fantôme'),
(83, 'gas215', 'magicien'),
(83, 'oct467', 'Gandalf'),
(83, 'zel26', 'Leia'),
(83, 'hen132', 'Kylo Ren'),
(83, 'han75', 'Anna'),
(83, 'han116', 'Peach'),
(83, 'eve488', 'Peach'),
(83, 'oli289', 'orc'),
(83, 'cam25', 'Daenerys'),
(83, 'geh300', 'Leia'),
(83, 'pru256', 'zombie'),
(83, 'sar460', 'Zelda'),
(83, 'mat254', 'épouvantail'),
(83, 'fab181', 'Père Noël'),
(83, 'céd301', 'ange'),
(83, 'est12', 'épouvantail'),
(83, 'cha178', 'citrouille'),
(83, 'jea415', 'vampire'),
(83, 'meh286', 'James Bond'),
(83, 'vir47', 'démon'),
(83, 'chr94', 'citrouille'),
(83, 'cha41', 'ninja'),
(83, 'mar135', 'fantôme'),
(83, 'zor66', 'ninja'),
(83, 'lis179', 'vampire'),
(83, 'luc364', 'fée'),
(83, 'odi403', 'fantôme'),
(83, 'val228', 'Arwen'),
(83, 'emi327', 'fée'),
(83, 'rég28', 'ninja'),
(83, 'mic6', 'Batman'),
(83, 'edo284', NULL),
(83, 'mic137', 'Mario'),
(83, 'gin46', 'citrouille'),
(83, 'dav316', 'ange'),
(83, 'dom43', 'ninja'),
(83, 'val196', 'minion'),
(83, 'oct461', 'ange'),
(83, 'cor266', 'Elsa'),
(83, 'vin386', 'Spiderman'),
(83, 'syl347', 'fantôme'),
(83, 'ond475', 'Daenerys'),
(84, 'den232', 'elfe'),
(84, 'pat450', 'minion'),
(84, 'chr163', 'Luke'),
(84, 'flo31', 'Batman'),
(84, 'rod194', 'zombie'),
(84, 'jan343', 'elfe'),
(84, 'flo269', 'Daenerys'),
(84, 'loï361', 'lutin'),
(84, 'céd301', 'Jon Snow'),
(84, 'jac247', 'citrouille'),
(84, 'nie486', 'épouvantail'),
(84, 'sam27', 'Merlin'),
(84, 'arn55', 'James Bond'),
(84, 'meh291', 'Frodon'),
(84, 'eme391', 'Merlin'),
(84, 'sté457', 'Merlin'),
(84, 'val228', 'alien'),
(84, 'mam407', 'Père Noël'),
(84, 'jea428', 'démon'),
(84, 'adè267', 'Blanche Neige'),
(84, 'col125', 'Cendrillon'),
(84, 'joc213', 'lutin'),
(84, 'cha306', 'fantôme'),
(84, 'ant370', 'Frodon'),
(84, 'moh104', 'épouvantail'),
(84, 'pru112', 'Aurore'),
(84, 'pat484', 'Jon Snow'),
(84, 'sop96', 'citrouille'),
(84, 'océ321', 'Daenerys'),
(84, 'mat254', 'démon'),
(84, 'mar462', 'Aurore'),
(84, 'thé191', 'Mario'),
(84, 'val196', 'Kylo Ren'),
(84, 'ili216', 'Luke'),
(84, 'fau207', 'chevalier'),
(84, 'pao271', 'magicien'),
(84, 'nic338', 'vampire'),
(84, 'jea74', 'Mario'),
(84, 'axe392', 'Han Solo'),
(84, 'max136', 'orc'),
(84, 'léo358', 'fantôme'),
(84, 'rom410', 'citrouille'),
(84, 'est12', 'lutin'),
(84, 'cha41', 'fantôme'),
(84, 'ber78', 'Darth Vader'),
(84, 'mic6', 'Luke'),
(84, 'tar21', 'Zelda'),
(84, 'dav150', 'vampire'),
(84, 'san324', NULL),
(84, 'oli289', 'Père Noël'),
(84, 'vir47', 'épouvantail'),
(84, 'geh99', 'elfe'),
(84, 'gab435', 'Katniss'),
(85, 'dom43', 'citrouille'),
(85, 'elo479', 'Zelda'),
(85, 'tar365', 'Cendrillon'),
(85, 'eri420', 'zombie'),
(85, 'den232', 'Jon Snow'),
(85, 'sop96', 'zombie'),
(85, 'clé242', 'minion'),
(85, 'yas59', 'Batgirl'),
(85, 'van426', 'Maléfique'),
(85, 'jan336', 'fantôme'),
(85, 'cor448', 'ange'),
(85, 'mat79', 'alien'),
(85, 'rém197', 'orc'),
(85, 'meh286', 'James Bond'),
(85, 'arn55', 'Mario'),
(85, 'jea74', 'Jon Snow'),
(85, 'ber225', 'démon'),
(85, 'san442', 'Cendrillon'),
(85, 'vin282', 'elfe'),
(85, 'léo409', 'alien'),
(85, 'phi476', 'Kylo Ren'),
(85, 'lam161', 'minion'),
(85, 'meh408', 'Kylo Ren'),
(85, 'cor126', 'Aurore'),
(85, 'mam407', 'démon'),
(85, 'viv129', 'zombie'),
(85, 'gin46', 'Maléfique'),
(85, 'iph219', 'vampire'),
(85, 'dav316', 'James Bond'),
(85, 'han377', 'ange'),
(85, 'flo173', 'schtroumpf'),
(85, 'cor302', 'démon'),
(85, 'glo224', 'elfe'),
(85, 'hug128', 'schtroumpf'),
(85, 'tal177', 'Mère Noël'),
(85, 'ari110', 'zombie'),
(85, 'jea18', 'elfe'),
(85, 'gui142', 'Aragorn'),
(85, 'est437', 'Leia'),
(85, 'pat376', 'Darth Vader'),
(85, 'ale36', 'Darth Vader'),
(85, 'fél308', 'schtroumpf'),
(85, 'zoé76', 'sirène'),
(85, 'yve114', 'Spiderman'),
(85, 'hen454', 'ange'),
(85, 'mam293', 'épouvantail'),
(85, 'cor430', 'Leia'),
(85, 'ili216', 'épouvantail'),
(85, 'joc69', 'Luke'),
(85, 'cor266', 'ninja'),
(85, 'ale489', 'démon'),
(85, 'nao227', 'épouvantail'),
(85, 'nie486', 'Luke'),
(85, 'oma180', 'alien'),
(85, 'wal309', 'ange'),
(85, 'axe392', 'Batman'),
(85, 'chr94', 'Elsa'),
(85, 'emm233', 'citrouille'),
(85, 'gré373', 'vampire'),
(85, 'eve488', 'alien'),
(85, 'céc144', 'Blanche Neige'),
(85, 'meh174', 'fantôme'),
(85, 'ber78', 'elfe'),
(85, 'joa49', 'Anna'),
(85, 'aga57', NULL),
(85, 'rob423', 'vampire'),
(85, 'reb162', 'Elsa'),
(85, 'sar307', 'Rey'),
(85, 'vir440', 'Luke'),
(85, 'pat70', 'schtroumpf'),
(85, 'cha306', 'fantôme'),
(85, 'zoé474', 'citrouille'),
(85, 'meh119', 'lutin'),
(85, 'edo284', 'fantôme'),
(85, 'hug51', 'schtroumpf'),
(85, 'chr245', 'Frankenstein'),
(85, 'hen221', 'Merlin'),
(85, 'san295', 'Daenerys'),
(85, 'ala172', 'fantôme'),
(85, 'ell398', 'fantôme'),
(85, 'rob326', 'James Bond'),
(85, 'que183', 'Merlin'),
(85, 'yas319', 'schtroumpf'),
(85, 'rod341', 'schtroumpf'),
(85, 'moh312', 'Darth Vader'),
(85, 'oli372', 'ninja'),
(85, 'vio23', 'Batgirl'),
(85, 'geh300', 'Leia'),
(86, 'que183', 'ninja'),
(86, 'viv129', 'ange'),
(86, 'meh119', 'Luke'),
(86, 'gui22', 'Link'),
(86, 'nie486', 'Jon Snow'),
(86, 'lud160', NULL),
(86, 'céc144', 'Rey'),
(86, 'mat396', 'Mario'),
(86, 'zoé76', 'fantôme'),
(86, 'emm379', 'Frodon'),
(86, 'col10', 'magicien'),
(86, 'zor66', 'Batgirl'),
(86, 'con133', 'Batgirl'),
(86, 'eve105', 'épouvantail'),
(86, 'cor126', 'minion'),
(86, 'pét399', 'Batgirl'),
(86, 'val196', 'Darth Vader'),
(86, 'gra470', 'Zelda'),
(86, 'sop96', 'Daenerys'),
(86, 'rég481', 'Link'),
(86, 'ele350', 'Catwoman'),
(86, 'ale404', 'ange'),
(87, 'tho274', 'Batman'),
(87, 'cha447', 'démon'),
(87, 'cas495', 'Elsa'),
(87, 'son106', 'sirène'),
(87, 'cor430', 'sorcière'),
(87, 'hen146', 'Blanche Neige'),
(87, 'cor139', 'chevalier'),
(87, 'vér72', 'démon'),
(87, 'han75', 'Cendrillon'),
(87, 'wal309', 'démon'),
(87, 'hec418', 'alien'),
(87, 'jea152', NULL),
(87, 'dom441', 'Père Noël'),
(87, 'lei257', 'Aurore'),
(87, 'joc213', 'Aragorn'),
(87, 'cha178', 'fée'),
(87, 'thé188', 'Clochette'),
(87, 'lou277', 'Rey'),
(87, 'aga406', 'alien'),
(87, 'ala318', 'Superman'),
(87, 'ell333', 'James Bond'),
(87, 'fré164', 'vampire'),
(87, 'nor255', 'minion'),
(87, 'iph64', 'Leia'),
(87, 'gui22', 'Frankenstein'),
(87, 'thé246', 'Blanche Neige'),
(87, 'les168', 'lutin'),
(87, 'ili216', 'zombie'),
(87, 'flo269', 'Blanche Neige'),
(87, 'ell469', 'fantôme'),
(87, 'pao374', 'Frankenstein'),
(87, 'fab37', 'Superman'),
(87, 'loï361', 'Aragorn'),
(87, 'ell398', 'lutin'),
(87, 'ilh222', 'Luke'),
(87, 'pas29', 'chevalier'),
(87, 'tif252', 'Catwoman'),
(87, 'flo173', 'lutin'),
(87, 'mél371', 'vampire'),
(87, 'mam293', 'Superman'),
(87, 'rég481', 'Darth Vader'),
(87, 'dor199', 'ange'),
(87, 'lei325', 'Leia'),
(87, 'gui2', 'ninja'),
(87, 'gas215', 'vampire'),
(87, 'nie354', 'démon'),
(87, 'luc364', 'Elsa'),
(87, 'bén449', 'elfe'),
(87, 'chr7', 'sirène'),
(87, 'fré317', 'Aragorn'),
(88, 'tan294', 'Aurore'),
(88, 'sop422', 'zombie'),
(88, 'val228', 'schtroumpf'),
(88, 'jér472', 'Père Noël'),
(88, 'ele90', 'sirène'),
(88, 'vic288', 'zombie'),
(88, 'pao271', 'schtroumpf'),
(88, 'vin95', 'Aragorn'),
(88, 'vic92', 'démon'),
(88, 'sar460', 'Peach'),
(88, 'yas149', 'Catwoman'),
(88, 'aur118', 'fantôme'),
(88, 'wen265', 'sirène'),
(88, 'cam25', 'Mère Noël'),
(88, 'con315', 'fée'),
(88, 'her153', 'Batgirl'),
(88, 'ell333', 'Darth Vader'),
(88, 'hél259', 'Clochette'),
(88, 'moh312', 'minion'),
(88, 'est437', 'Leia'),
(88, 'ber58', 'citrouille'),
(88, 'bén212', 'Catwoman'),
(88, 'cha306', 'Merlin'),
(88, 'sim330', 'épouvantail'),
(88, 'gab13', 'minion'),
(88, 'chr94', 'sorcière'),
(88, 'ton151', 'Frodon'),
(88, 'mar462', NULL),
(88, 'dia145', 'Anna'),
(88, 'tif97', 'Daenerys'),
(88, 'pau328', 'James Bond'),
(88, 'san324', 'lutin'),
(88, 'mat296', 'zombie'),
(88, 'pru113', 'sorcière'),
(88, 'urs451', 'Peach'),
(88, 'den20', 'magicien'),
(88, 'pas40', 'lutin'),
(88, 'cél258', 'ninja'),
(88, 'vin386', 'Han Solo'),
(88, 'pab412', 'Frankenstein'),
(88, 'jea397', 'Jon Snow'),
(88, 'ama439', 'Elsa'),
(88, 'jac466', 'Batman'),
(88, 'cor275', 'Catwoman'),
(88, 'céc348', 'magicien'),
(88, 'van426', 'Aurore'),
(88, 'céc144', 'fée'),
(88, 'nat352', 'Leia'),
(88, 'lou496', 'zombie'),
(88, 'cas495', 'minion'),
(88, 'oct1', 'Frodon'),
(88, 'ala318', 'citrouille'),
(88, 'aga273', 'Rey'),
(88, 'rap45', 'citrouille'),
(88, 'gré373', 'épouvantail'),
(88, 'tif414', 'Zelda'),
(88, 'rob326', 'Aragorn'),
(88, 'lud160', 'Frodon'),
(89, 'loï361', 'fantôme'),
(89, 'pao271', 'Jon Snow'),
(89, 'nor214', 'elfe'),
(89, 'dom122', 'Jon Snow'),
(89, 'eve488', 'citrouille'),
(89, 'val100', 'Anna'),
(89, 'ala427', 'démon'),
(89, 'moh312', 'Frankenstein'),
(89, 'nat352', 'Blanche Neige'),
(89, 'ilh222', 'Luke'),
(89, 'jor444', 'elfe'),
(89, 'phi476', 'vampire'),
(89, 'gin46', 'ange'),
(89, 'lud111', 'épouvantail'),
(89, 'con133', 'Elsa'),
(89, 'fab181', 'minion'),
(89, 'pau236', 'Peach'),
(89, 'gaë156', 'elfe'),
(89, 'dor390', 'Blanche Neige'),
(89, 'ann384', 'magicien'),
(89, 'ala318', 'Aragorn'),
(89, 'aga314', 'Aurore'),
(89, 'elé387', 'zombie'),
(89, 'ren468', 'magicien'),
(89, 'san442', 'Zelda'),
(89, 'ste209', 'ange'),
(89, 'yas149', 'alien'),
(89, 'lud419', 'lutin'),
(89, 'jul478', 'démon'),
(89, 'hec418', 'Frankenstein'),
(89, 'alp264', 'lutin'),
(89, 'flo33', 'zombie'),
(89, 'ala88', 'elfe'),
(89, 'nor255', 'Batman'),
(89, 'sim492', 'alien'),
(89, 'pie431', 'Link'),
(89, 'mar340', 'Leia'),
(89, 'her153', 'ange'),
(89, 'jac466', 'zombie'),
(89, 'uly241', 'Merlin'),
(89, 'ric143', 'Spiderman'),
(89, 'val196', 'minion'),
(89, 'dia145', 'Aurore'),
(89, 'cyn334', NULL),
(89, 'joc213', 'schtroumpf'),
(89, 'ell398', 'Gandalf'),
(89, 'lis179', 'sirène'),
(89, 'tim281', NULL),
(89, 'pén497', 'fée'),
(89, 'sté465', 'Aragorn'),
(89, 'fab366', 'Batman'),
(89, 'léa329', 'magicien'),
(89, 'eme0', 'Mario'),
(89, 'con315', 'citrouille'),
(89, 'adr401', NULL),
(89, 'bla109', 'schtroumpf'),
(89, 'pru416', 'magicien'),
(89, 'céc144', 'elfe'),
(89, 'nie155', 'Gandalf'),
(89, 'san344', 'Anna'),
(89, 'lou496', 'Blanche Neige'),
(89, 'jea208', 'Gandalf'),
(89, 'pao374', 'Gandalf'),
(89, 'nor244', NULL),
(89, 'jea218', 'Mario'),
(89, 'cor126', 'Anna'),
(89, 'vér363', 'Leia'),
(89, 'amé424', 'alien'),
(89, 'cor430', 'Elsa'),
(89, 'hél60', 'vampire'),
(89, 'zel8', 'Blanche Neige'),
(89, 'adr456', 'ninja'),
(89, 'eve360', 'Catwoman'),
(89, 'pru86', 'minion'),
(89, 'ibr130', 'Darth Vader'),
(89, 'vir34', 'elfe'),
(89, 'val276', 'schtroumpf'),
(89, 'vic92', 'Maléfique'),
(89, 'ala195', 'ninja'),
(89, 'céc348', 'Clochette'),
(90, 'nao227', 'Anna'),
(90, 'séb203', 'Batman'),
(90, 'zel8', 'Arwen'),
(90, 'ber184', 'Peach'),
(90, 'nie354', 'Frodon'),
(90, 'ala427', 'minion'),
(90, 'ber455', 'Han Solo'),
(90, 'dor199', 'chevalier'),
(90, 'pas261', 'minion'),
(90, 'man359', 'démon'),
(90, 'cas495', 'démon'),
(90, 'que183', 'magicien'),
(90, 'emi304', 'ange'),
(90, 'gab53', 'Aurore'),
(90, 'vir440', 'Père Noël'),
(90, 'léa101', 'sorcière'),
(90, 'ber225', 'Gandalf'),
(90, 'ton231', 'ninja'),
(90, 'cha41', 'Kylo Ren'),
(90, 'joc69', 'Han Solo'),
(90, 'uly206', 'épouvantail'),
(90, 'tif97', 'sorcière'),
(90, 'pau425', 'Frodon'),
(90, 'dav316', 'orc'),
(90, 'thé246', 'ange'),
(90, 'yas280', 'alien'),
(90, 'est437', 'sorcière'),
(90, 'moh104', NULL),
(90, 'rém197', 'Frodon'),
(90, 'ste369', 'Merlin'),
(90, 'pau236', 'citrouille'),
(90, 'axe392', 'vampire'),
(90, 'ais108', 'Batgirl'),
(90, 'vér72', 'schtroumpf'),
(90, 'die405', 'schtroumpf'),
(90, 'pao271', 'Mario'),
(90, 'dom445', 'citrouille'),
(90, 'ale404', 'orc'),
(91, 'ben147', 'épouvantail'),
(91, 'did158', 'Jon Snow'),
(91, 'pie431', 'ninja'),
(91, 'chr61', 'Superman'),
(91, 'rom171', 'sorcière'),
(91, 'pao374', 'Batman'),
(91, 'lam446', 'orc'),
(91, 'chr245', 'Luke'),
(91, 'zoé134', 'ange'),
(91, 'aga57', 'Blanche Neige'),
(91, 'joh120', 'Jon Snow'),
(91, 'mic6', 'citrouille'),
(91, 'adr48', 'Père Noël'),
(91, 'yar297', 'elfe'),
(91, 'flo50', NULL),
(91, 'hél357', 'ninja'),
(91, 'xav83', 'chevalier'),
(91, 'val196', 'Aragorn'),
(91, 'sté182', 'Aurore'),
(91, 'vir47', 'démon'),
(91, 'pru86', 'Peach'),
(91, 'ele90', 'minion'),
(91, 'arm73', 'alien'),
(91, 'uly16', 'Frankenstein'),
(91, 'bén192', 'Peach'),
(91, 'sar307', 'sirène'),
(91, 'ale489', 'Mario'),
(91, 'adr351', 'Luke'),
(91, 'gra480', 'ninja'),
(91, 'dam463', 'Gandalf'),
(91, 'sam268', 'Han Solo'),
(91, 'lou277', 'Elsa'),
(91, 'est459', 'sorcière'),
(91, 'sté465', 'Frodon'),
(91, 'chl433', 'Zelda'),
(91, 'vir440', 'Frodon'),
(91, 'jac247', 'fantôme'),
(91, 'meh286', 'alien'),
(91, 'han377', 'Daenerys'),
(91, 'gas215', 'Jon Snow'),
(91, 'ari110', 'Cendrillon'),
(91, 'hél452', 'sorcière'),
(91, 'ber82', 'vampire'),
(91, 'gré373', 'Frankenstein'),
(91, 'ton231', 'orc'),
(91, 'uly206', 'ninja'),
(91, 'nie368', 'chevalier'),
(91, 'gin46', 'Mère Noël'),
(91, 'eve360', 'Anna'),
(91, 'flo165', 'Peach'),
(91, 'rom410', 'Frodon'),
(91, 'océ321', 'Peach'),
(92, 'suz138', 'lutin'),
(92, 'lau389', 'sirène'),
(92, 'pab313', 'minion'),
(92, 'eve105', 'épouvantail'),
(92, 'rob423', 'démon'),
(92, 'ste263', 'Merlin'),
(92, 'dom441', 'Batman'),
(92, 'elé387', 'Maléfique'),
(92, 'ale56', NULL),
(92, 'gin24', 'Clochette'),
(92, 'pau236', 'Peach'),
(92, 'fél308', 'magicien'),
(92, 'pru256', 'sorcière'),
(92, 'mam54', 'Superman'),
(92, 'pét399', 'Daenerys'),
(92, 'flo87', NULL),
(92, 'jul356', 'alien'),
(92, 'gra470', 'Leia'),
(92, 'hen454', 'Cendrillon'),
(92, 'sam268', 'Batman'),
(92, 'dor390', 'fantôme'),
(92, 'cor430', 'Mère Noël'),
(92, 'tho11', 'orc'),
(92, 'yas280', 'Cendrillon'),
(92, 'ste369', 'Gandalf'),
(92, 'zoé76', 'Maléfique'),
(92, 'chr163', 'Batman'),
(92, 'mat79', 'Superman'),
(92, 'thé246', 'Maléfique'),
(92, 'gin251', 'Anna'),
(92, 'aga273', 'Cendrillon'),
(92, 'col10', 'Katniss'),
(92, 'ale127', 'ange'),
(92, 'sar307', 'vampire'),
(93, 'léo458', 'Darth Vader'),
(93, 'céd301', 'James Bond'),
(93, 'léo409', 'Frodon'),
(93, 'isa303', 'ange'),
(93, 'mar462', 'Aurore'),
(93, 'jac466', 'magicien'),
(93, 'cas438', 'Katniss'),
(93, 'hub375', 'épouvantail'),
(93, 'joc69', 'orc'),
(93, 'oct461', 'Frankenstein'),
(93, 'elé387', 'ange'),
(93, 'han75', 'démon'),
(93, 'jea152', 'Aragorn'),
(93, 'tif414', 'épouvantail'),
(93, 'clé345', 'citrouille'),
(93, 'vir440', 'chevalier'),
(93, 'hen454', 'sorcière'),
(93, 'cyn334', 'démon'),
(93, 'jea397', 'Jon Snow'),
(93, 'man355', 'Rey'),
(93, 'vir34', 'Link'),
(93, 'syl260', 'minion'),
(93, 'joh154', NULL),
(93, 'fab38', 'Frankenstein'),
(93, 'ale56', 'Clochette'),
(93, 'phi476', 'épouvantail'),
(93, 'tar21', 'schtroumpf'),
(93, 'luc364', 'Peach'),
(93, 'nie155', 'Spiderman'),
(93, 'sté477', 'Frodon'),
(93, 'ber78', 'Mario'),
(93, 'gui2', 'Kylo Ren'),
(93, 'san295', 'démon'),
(93, 'vér72', 'Peach'),
(93, 'pas261', 'Mère Noël'),
(93, 'ali193', 'épouvantail'),
(93, 'maë202', 'sirène'),
(93, 'cam123', 'Père Noël'),
(93, 'mam407', 'citrouille'),
(93, 'pén497', 'Leia'),
(93, 'bru230', 'magicien'),
(93, 'pao271', 'Batman'),
(93, 'wal309', 'Kylo Ren'),
(93, 'hél259', 'sirène'),
(93, 'les332', 'fantôme'),
(93, 'ann384', 'chevalier'),
(93, 'yas280', 'Anna'),
(93, 'eme52', 'Jon Snow'),
(93, 'vio23', 'Zelda'),
(93, 'rég28', NULL),
(93, 'sév201', 'schtroumpf'),
(93, 'dyl337', 'orc'),
(93, 'hec418', 'Kylo Ren'),
(93, 'die405', 'Aragorn'),
(93, 'chr61', 'Mario'),
(93, 'pru85', 'Batgirl'),
(93, 'tho274', 'ninja'),
(93, 'san344', 'Batgirl'),
(93, 'ond475', 'Blanche Neige'),
(93, 'eli381', 'Daenerys'),
(93, 'pau236', 'vampire'),
(93, 'lei325', 'elfe'),
(93, 'thé9', 'Katniss'),
(93, 'hub185', 'orc'),
(93, 'ale127', 'Rey'),
(93, 'reb162', 'magicien'),
(93, 'edo284', 'lutin'),
(93, 'ber225', 'magicien'),
(93, 'sar482', 'démon'),
(93, 'pru113', 'alien'),
(93, 'aga314', 'elfe'),
(93, 'adè267', 'Peach'),
(93, 'emi304', 'épouvantail'),
(93, 'ben147', 'ange'),
(93, 'thé283', 'sirène'),
(93, 'suz138', 'Catwoman'),
(93, 'sim330', 'Gandalf'),
(93, 'gab53', 'Peach'),
(93, 'ari110', 'Maléfique'),
(93, 'meh174', 'Frodon'),
(93, 'vir47', 'Rey'),
(93, 'bla380', 'alien'),
(93, 'pat70', 'Superman'),
(93, 'gui142', 'lutin'),
(93, 'san324', 'chevalier'),
(93, 'hen132', 'ninja'),
(93, 'nie354', 'alien'),
(93, 'ham170', 'Frankenstein'),
(93, 'ber184', 'zombie'),
(93, 'rob423', 'épouvantail'),
(93, 'wal169', NULL),
(93, 'les176', 'fée'),
(93, 'meh291', 'Han Solo'),
(93, 'den232', 'ange'),
(93, 'cor126', 'Katniss'),
(93, 'hec493', 'fantôme'),
(93, 'jea415', 'vampire'),
(93, 'ale404', 'elfe'),
(93, 'dam463', 'elfe'),
(93, 'lou346', 'vampire'),
(93, 'ama439', 'Leia'),
(93, 'ell469', 'Frankenstein'),
(93, 'fré164', 'elfe'),
(93, 'jac247', 'Merlin'),
(93, 'céc144', 'Daenerys'),
(93, 'tif252', 'Cendrillon'),
(93, 'lou496', 'Clochette'),
(93, 'thé246', 'zombie'),
(93, 'mat254', 'Arwen'),
(93, 'dom122', 'magicien'),
(93, 'joa49', NULL),
(93, 'dia145', 'Arwen'),
(93, 'pao374', 'schtroumpf'),
(93, 'cha306', 'Batman'),
(94, 'tho11', 'Aragorn'),
(94, 'nao227', 'Leia'),
(94, 'cor275', 'Katniss'),
(94, 'chr94', 'Zelda'),
(94, 'flo50', 'vampire'),
(94, 'wal169', 'Gandalf'),
(94, 'bri124', 'ange'),
(94, 'pru385', 'magicien'),
(94, 'urs451', 'Peach'),
(94, 'iph219', 'alien'),
(94, 'van426', 'Maléfique'),
(94, 'hen221', 'Han Solo'),
(94, 'gab435', 'démon'),
(94, 'sam285', 'Spiderman'),
(94, 'eri420', 'orc'),
(94, 'cor448', 'épouvantail'),
(94, 'jac466', 'elfe'),
(94, 'flo165', 'Elsa'),
(94, 'hen132', 'Spiderman'),
(94, 'sté187', 'ange'),
(94, 'dor390', 'chevalier'),
(94, 'ele350', 'chevalier'),
(94, 'océ249', 'fantôme'),
(94, 'ibr130', 'Superman'),
(94, 'pru239', 'Clochette'),
(94, 'jul356', 'Daenerys'),
(94, 'pén497', 'démon'),
(94, 'isa303', 'Katniss'),
(94, 'jea428', 'zombie'),
(94, 'pas29', 'fantôme'),
(94, 'jan343', 'citrouille'),
(94, 'céc348', 'Batgirl'),
(94, 'cam25', 'ninja'),
(94, 'thé342', 'minion'),
(94, 'cha306', 'Link'),
(94, 'fab366', 'Batman'),
(94, 'eli3', 'Leia'),
(94, 'tim281', 'alien'),
(94, 'val100', 'Elsa'),
(94, 'sim492', 'magicien'),
(94, 'rod194', 'Gandalf'),
(94, 'gas215', 'alien'),
(94, 'dav316', 'Kylo Ren'),
(94, 'vio23', 'démon'),
(94, 'dav150', 'Spiderman'),
(94, 'thé283', 'Elsa'),
(94, 'pat484', 'Luke'),
(94, 'meh174', 'zombie'),
(94, 'lei257', 'Katniss'),
(94, 'oli103', 'Frankenstein'),
(94, 'gré234', 'schtroumpf'),
(94, 'joh120', 'vampire'),
(94, 'meh286', 'Han Solo'),
(94, 'geh322', 'minion'),
(94, 'man359', 'démon'),
(94, 'max136', 'épouvantail'),
(94, 'pru86', 'ange'),
(94, 'ren468', 'James Bond'),
(94, 'thé246', 'Katniss'),
(94, 'lou346', 'citrouille'),
(94, 'lud160', NULL),
(94, 'est459', 'schtroumpf'),
(94, 'ale127', 'Clochette'),
(94, 'moh44', 'fantôme'),
(94, 'aga273', 'ninja'),
(94, 'clé242', 'vampire'),
(94, 'léa101', 'Katniss'),
(95, 'jea453', 'vampire'),
(95, 'wil335', 'fée'),
(95, 'cas438', 'Catwoman'),
(95, 'pat299', 'schtroumpf'),
(95, 'ant370', 'schtroumpf'),
(95, 'bén212', 'lutin'),
(95, 'did175', 'Luke'),
(95, 'van426', 'lutin'),
(95, 'urs451', 'Batgirl'),
(95, 'rom171', 'Zelda'),
(95, 'tif414', 'citrouille'),
(95, 'odi403', 'Blanche Neige'),
(95, 'cha178', 'Peach'),
(95, 'ale127', 'ange'),
(95, 'zoé134', 'Katniss'),
(95, 'fra434', 'Cendrillon'),
(95, 'vér72', 'Maléfique'),
(95, 'céc144', 'Arwen'),
(95, 'ant131', 'ange'),
(95, 'lis179', 'minion'),
(95, 'eth490', NULL),
(95, 'sim330', 'chevalier'),
(95, 'arm73', 'démon'),
(95, 'ell398', 'Père Noël'),
(95, 'bla109', 'démon'),
(95, 'pét17', 'Catwoman'),
(95, 'dom122', 'Père Noël'),
(95, 'tar21', 'fée'),
(95, 'cyn334', 'zombie'),
(95, 'her153', 'Maléfique'),
(95, 'flo311', 'citrouille'),
(95, 'sam394', 'Superman'),
(95, 'ale489', 'lutin'),
(95, 'fél308', 'Link'),
(95, 'dor390', 'chevalier'),
(95, 'pru112', 'Peach'),
(95, 'jea397', 'magicien'),
(95, 'les168', 'Blanche Neige'),
(95, 'lam446', 'Père Noël'),
(95, 'viv129', 'chevalier'),
(95, 'viv19', 'Mario'),
(95, 'mic68', 'alien'),
(95, 'syl393', 'Leia'),
(95, 'lau389', 'Peach'),
(95, 'aga314', 'Leia'),
(95, 'ber78', 'chevalier'),
(95, 'pru494', 'Katniss'),
(95, 'sam27', 'Jon Snow'),
(95, 'pab30', 'Merlin'),
(95, 'zoé76', 'zombie'),
(95, 'ell333', 'elfe'),
(95, 'hen132', 'Frankenstein'),
(95, 'pas40', 'sirène'),
(95, 'dav80', 'Père Noël'),
(95, 'clé345', 'elfe'),
(95, 'pau328', 'épouvantail'),
(95, 'mat396', 'Père Noël'),
(95, 'ben81', 'Aragorn'),
(96, 'geh99', 'elfe'),
(96, 'pao374', 'ange'),
(96, 'luc200', 'schtroumpf'),
(96, 'eve360', 'Clochette'),
(96, 'han377', 'minion'),
(96, 'mic68', 'Rey'),
(96, 'ant131', 'alien'),
(96, 'ber225', 'James Bond'),
(96, 'lou67', 'vampire'),
(96, 'ala427', 'lutin'),
(96, 'mam293', 'ninja'),
(96, 'hél452', 'Daenerys'),
(96, 'les168', 'démon'),
(96, 'adr48', 'chevalier'),
(96, 'adr351', 'Link'),
(96, 'ber82', 'Merlin'),
(96, 'ilh222', 'chevalier'),
(96, 'eme0', 'Gandalf'),
(96, 'cha306', 'lutin'),
(96, 'ger238', 'Superman'),
(96, 'clé242', 'Han Solo'),
(96, 'gui2', 'lutin'),
(96, 'chl433', 'fée'),
(96, 'con315', 'épouvantail'),
(96, 'wil211', 'Blanche Neige'),
(96, 'pru382', 'Anna'),
(96, 'elé166', NULL),
(96, 'cas495', 'Rey'),
(96, 'eme411', 'minion'),
(96, 'sté182', 'lutin'),
(96, 'vér363', 'Batgirl'),
(96, 'tal177', 'Catwoman'),
(96, 'val196', 'elfe'),
(96, 'pat70', 'ninja'),
(96, 'fab37', 'James Bond'),
(96, 'cyn334', 'Daenerys'),
(96, 'joh120', 'Kylo Ren'),
(96, 'chr163', 'Gandalf'),
(96, 'gra480', 'sorcière'),
(96, 'léo458', 'Kylo Ren'),
(96, 'yas59', 'Leia'),
(96, 'meh408', 'épouvantail'),
(96, 'hen146', NULL),
(96, 'cam123', 'vampire'),
(96, 'rém197', 'Frodon'),
(96, 'iph219', 'Mère Noël'),
(96, 'hub185', 'Gandalf'),
(96, 'lau389', 'Cendrillon'),
(96, 'ber443', 'elfe'),
(96, 'san324', 'Mère Noël'),
(96, 'maë202', 'Blanche Neige'),
(96, 'oct1', 'Frankenstein'),
(96, 'sim330', 'Superman'),
(96, 'est437', 'vampire'),
(96, 'jor444', 'Frankenstein'),
(96, 'tar365', 'Blanche Neige'),
(96, 'lud160', 'Kylo Ren'),
(96, 'oma395', 'épouvantail'),
(96, 'els287', 'fée'),
(96, 'geh322', 'ninja'),
(96, 'sté89', 'Jon Snow'),
(96, 'ale489', 'Jon Snow'),
(96, 'gré373', 'Luke'),
(96, 'pat450', 'chevalier'),
(96, 'eve488', 'sorcière'),
(96, 'ama439', 'fantôme'),
(96, 'cor430', 'Daenerys'),
(96, 'adr401', 'schtroumpf'),
(96, 'gaë156', 'ange'),
(96, 'léa101', 'elfe'),
(96, 'lud419', 'zombie'),
(96, 'con133', 'lutin'),
(96, 'ant331', 'schtroumpf'),
(96, 'ala318', 'orc'),
(96, 'moh432', 'démon'),
(96, 'son106', 'Zelda'),
(96, 'cla498', 'minion'),
(96, 'vio23', 'ange'),
(96, 'cor262', 'Clochette'),
(96, 'nie368', 'citrouille'),
(96, 'vic217', 'fée'),
(96, 'jér472', 'alien'),
(96, 'adè267', 'Anna'),
(96, 'eme52', 'fantôme'),
(96, 'vir34', 'schtroumpf'),
(97, 'vin386', 'épouvantail'),
(97, 'vic217', 'Catwoman'),
(97, 'chr7', 'Cendrillon'),
(97, 'rom39', 'fantôme'),
(97, 'pru239', 'Maléfique'),
(97, 'syl393', 'Arwen'),
(97, 'ell469', 'Han Solo'),
(97, 'oct1', 'magicien'),
(97, 'mat254', 'épouvantail'),
(97, 'lou413', 'Frodon'),
(97, 'eve32', 'démon'),
(97, 'yve114', 'Aragorn'),
(97, 'vic288', 'minion'),
(97, 'son106', 'chevalier'),
(97, 'rég481', 'citrouille'),
(97, 'die405', 'elfe'),
(97, 'mic137', 'schtroumpf'),
(97, 'oct98', 'Batman'),
(97, 'ann117', 'minion'),
(97, 'pau425', 'Frankenstein'),
(97, 'elé387', 'ange'),
(97, 'vir362', 'vampire'),
(97, 'zoé76', 'fée'),
(97, 'dav220', 'Gandalf'),
(97, 'pab30', 'ninja'),
(97, 'pét399', 'Peach'),
(97, 'pru256', 'Arwen'),
(97, 'pru385', 'Anna'),
(97, 'rom171', 'Anna'),
(97, 'luc364', 'chevalier'),
(97, 'ala427', 'Mario'),
(97, 'sté182', 'magicien'),
(97, 'val228', 'Daenerys'),
(97, 'oli372', 'fantôme'),
(97, 'pao417', 'Frankenstein'),
(97, 'mat296', 'citrouille'),
(97, 'wen265', 'Batgirl'),
(97, 'hél77', 'alien'),
(97, 'sam278', 'James Bond'),
(97, 'lou67', 'Mère Noël'),
(97, 'ber225', 'Père Noël'),
(97, 'les168', 'démon'),
(97, 'pat70', 'Jon Snow'),
(97, 'léa329', NULL),
(97, 'sam27', 'citrouille'),
(97, 'pru382', 'elfe'),
(97, 'pat450', 'Batman'),
(97, 'jea415', 'fantôme'),
(97, 'léo458', 'fantôme'),
(97, 'hen132', 'Aragorn'),
(97, 'thé188', 'Aurore'),
(97, 'cha243', 'Spiderman'),
(97, 'chr61', 'Spiderman'),
(97, 'est459', 'Katniss'),
(97, 'san295', 'Batgirl'),
(97, 'cor139', 'Clochette'),
(97, 'sim492', 'Jon Snow'),
(97, 'est12', 'Clochette'),
(97, 'emm379', 'Frodon'),
(97, 'maë202', 'Catwoman'),
(97, 'rap436', 'zombie'),
(97, 'cor430', 'zombie'),
(97, 'sar307', 'épouvantail'),
(97, 'fra429', 'Père Noël'),
(97, 'pru416', 'ninja'),
(97, 'tal177', 'chevalier'),
(97, 'did158', 'Père Noël'),
(97, 'pat376', 'Superman'),
(97, 'céd301', 'magicien'),
(97, 'elé166', 'ange'),
(97, 'xav83', 'Aragorn'),
(97, 'ele350', 'sorcière'),
(97, 'jul478', 'Arwen'),
(97, 'tif252', 'chevalier'),
(97, 'gin24', 'démon'),
(97, 'gaë156', NULL),
(97, 'oct461', 'orc'),
(97, 'cor262', 'elfe'),
(97, 'pru85', 'Clochette'),
(97, 'ant131', 'orc'),
(97, 'adr48', 'Frodon'),
(97, 'sop96', 'démon'),
(97, 'sim330', 'magicien'),
(97, 'meh291', 'alien'),
(97, 'tal14', 'Peach'),
(97, 'lud419', 'Link'),
(97, 'tho310', 'Link'),
(97, 'lam161', 'Père Noël'),
(97, 'hug51', 'Batman'),
(97, 'sam285', 'chevalier'),
(97, 'tif97', 'Zelda'),
(97, 'axe392', 'ninja'),
(97, 'eve105', 'démon'),
(97, 'ger238', 'James Bond'),
(97, 'san344', 'alien'),
(97, 'ham170', 'Gandalf'),
(97, 'den232', 'Link'),
(97, 'glo229', 'Anna'),
(97, 'adr351', 'démon'),
(97, 'ber455', 'orc'),
(97, 'wil335', 'Cendrillon'),
(97, 'flo311', 'sirène'),
(97, 'fra434', 'Zelda'),
(97, 'hec418', 'alien'),
(97, 'thé283', 'fantôme'),
(98, 'wil140', 'Arwen'),
(98, 'jea428', 'vampire'),
(98, 'joh154', 'démon'),
(98, 'vér72', 'elfe'),
(98, 'céc144', 'sorcière'),
(98, 'ben147', NULL),
(98, 'ton151', NULL),
(98, 'viv189', 'vampire'),
(98, 'pru256', 'fantôme'),
(99, 'san295', 'Daenerys'),
(99, 'jea218', 'elfe'),
(99, 'hug51', 'Spiderman'),
(99, 'vic92', 'ange'),
(99, 'jos141', 'ange'),
(99, 'flo173', 'Batgirl'),
(99, 'jac466', 'Darth Vader'),
(99, 'les332', 'Blanche Neige'),
(99, 'bri124', NULL),
(99, 'thé9', 'lutin'),
(99, 'maë202', 'Rey'),
(99, 'wal309', 'vampire'),
(99, 'meh291', 'Kylo Ren'),
(99, 'ton231', 'magicien'),
(99, 'meh286', 'Merlin'),
(99, 'pau236', 'magicien'),
(99, 'wil335', 'Aurore'),
(99, 'ton151', 'Aragorn'),
(99, 'cas438', 'chevalier'),
(99, 'phi476', 'Han Solo'),
(99, 'ele350', 'vampire'),
(99, 'les176', 'zombie'),
(99, 'els287', 'Elsa'),
(99, 'cor302', 'Han Solo'),
(99, 'gab435', 'ange'),
(99, 'rod341', 'lutin'),
(99, 'edo284', 'orc'),
(99, 'adr48', 'Aragorn'),
(99, 'fab483', 'citrouille'),
(99, 'pie431', 'orc'),
(99, 'hél77', 'Blanche Neige'),
(99, 'ste209', 'alien'),
(99, 'zoé76', 'alien'),
(99, 'ale36', 'Luke'),
(99, 'yas59', 'Elsa'),
(99, 'est12', 'Aurore'),
(99, 'eve105', 'sorcière'),
(99, 'dom445', 'Link'),
(99, 'geh99', 'fantôme'),
(99, 'eme411', 'Superman'),
(99, 'loï361', 'Kylo Ren'),
(99, 'cor139', 'Anna'),
(99, 'dom43', 'Clochette'),
(99, 'chr94', 'Mère Noël'),
(99, 'flo269', 'Batgirl'),
(99, 'odi403', 'Daenerys'),
(99, 'cor430', 'citrouille'),
(99, 'oma395', NULL),
(99, 'dav220', 'Merlin'),
(99, 'tar365', 'Batgirl'),
(99, 'viv19', 'Jon Snow'),
(99, 'joh120', 'schtroumpf'),
(99, 'meh400', 'lutin'),
(99, 'flo311', 'Anna'),
(99, 'van426', 'Zelda'),
(99, 'ber82', 'lutin'),
(99, 'chr7', 'Clochette'),
(99, 'ele272', 'Maléfique'),
(99, 'sar307', 'Leia'),
(99, 'rég481', 'Han Solo'),
(99, 'wil367', 'Cendrillon'),
(99, 'cha41', 'citrouille'),
(99, 'glo224', 'sirène'),
(99, 'thé188', 'Zelda'),
(99, 'hug128', 'ange'),
(99, 'sté210', 'alien'),
(99, 'vic288', 'ninja'),
(99, 'céd301', 'alien'),
(99, 'ala318', 'fantôme'),
(99, 'tif414', 'Catwoman'),
(99, 'meh174', 'Luke'),
(99, 'ann384', 'Anna'),
(99, 'fab181', 'Link'),
(99, 'vir440', 'Luke'),
(99, 'cha306', 'Gandalf'),
(99, 'léa329', 'ange'),
(99, 'emi304', 'zombie'),
(99, 'col10', NULL),
(99, 'bla471', 'sorcière'),
(99, 'jea453', 'Kylo Ren'),
(99, 'han116', 'Aurore'),
(99, 'sté349', 'Maléfique'),
(99, 'cél258', 'ninja'),
(99, 'adr456', 'James Bond');
